# Blender 3.5.1
# www.blender.org
mtllib globe.mtl
o Plane
v 18.371658 0.000000 68.235031
v 68.235031 56.716423 -18.371658
v -68.235031 56.716423 18.371658
v 68.235031 10.627253 -18.371658
v 56.615044 0.000000 1.810860
v 67.839088 7.876717 -17.683952
v 66.678246 5.313626 -15.667709
v 64.831619 3.112650 -12.460335
v 62.425037 1.423782 -8.280399
v 59.622520 0.362115 -3.412758
v -48.052513 0.000000 29.991644
v -68.235031 10.627253 18.371658
v -53.276131 0.362115 26.984171
v -58.143772 1.423782 24.181652
v -62.323708 3.112651 21.775074
v -65.531082 5.313626 19.928442
v -67.547325 7.876718 18.767601
v 1.810858 10.627253 -56.615047
v -29.991644 10.627253 -48.052513
v -9.809126 0.000000 -36.432526
v -3.806597 10.627253 -58.934258
v -9.839373 10.627253 -59.721092
v -15.863754 10.627253 -58.920296
v 1.415197 7.877680 -55.927834
v -4.486431 7.791139 -58.236195
v -10.354668 7.837448 -58.897713
v -15.650011 7.894487 -58.166809
v 0.253529 5.312765 -53.910156
v -5.566938 5.293614 -56.123871
v -10.841366 5.565111 -56.883289
v -15.198441 5.787790 -56.453590
v -14.752714 4.491605 -54.793709
v -29.304432 7.877679 -47.656853
v -27.286755 5.312762 -46.495182
v -24.080326 3.112650 -44.649094
v -26.298010 10.627253 -52.878643
v -25.385147 7.767767 -52.571899
v -23.395132 5.296453 -51.309059
v -20.618805 3.368738 -49.566368
v -21.475822 10.627253 -56.588081
v -20.600658 7.821414 -56.132629
v -19.187159 5.562642 -54.632298
v -17.223875 3.937397 -52.938866
v -6.802708 0.361857 -41.654320
v -3.998192 1.424281 -46.525425
v -1.592558 3.112650 -50.703724
v -15.030921 0.361857 -39.438946
v -12.068674 0.792706 -44.964104
v -9.278559 1.867226 -49.606812
v -7.062443 3.361962 -53.205425
v -19.902027 1.424279 -42.243462
v -16.870449 1.874079 -47.593048
v -13.885071 2.774679 -51.585888
v -11.685112 3.936666 -54.428955
v -29.991642 56.716423 -48.052513
v 1.810860 56.716423 -56.615044
v -26.296463 56.716423 -52.880192
v -21.477701 56.716423 -56.586990
v -15.863749 56.716423 -58.920292
v -9.837183 56.716423 -59.721092
v -3.808699 56.716423 -58.934814
vn -0.4351 0.1453 0.8886
vn -0.4939 0.1421 0.8578
vn -0.4990 -0.0000 0.8666
vn -0.4412 -0.0000 0.8974
vn 0.8578 0.1421 0.4939
vn 0.8224 0.1453 0.5500
vn 0.8321 -0.0000 0.5546
vn 0.8666 -0.0000 0.4990
vn -0.2538 0.1472 0.9560
vn -0.2092 0.5117 0.8333
vn -0.3762 0.5073 0.7753
vn 0.0012 0.1410 0.9900
vn 0.0125 0.4927 0.8701
vn 0.2576 0.1366 0.9565
vn 0.2281 0.4780 0.8482
vn -0.1421 0.7805 0.6088
vn -0.2685 0.7835 0.5604
vn 0.0186 0.7535 0.6571
vn 0.1773 0.7310 0.6589
vn -0.0799 0.9003 0.4278
vn -0.1750 0.9091 0.3780
vn 0.0400 0.8745 0.4834
vn 0.1410 0.8402 0.5236
vn 0.7150 0.5070 0.4814
vn 0.5992 0.5135 0.6142
vn 0.6993 0.1480 0.6994
vn 0.5136 0.7837 0.3493
vn 0.4290 0.7805 0.4547
vn 0.3411 0.9092 0.2390
vn 0.2842 0.9001 0.3301
vn 0.4256 0.4941 0.7581
vn 0.4962 0.1421 0.8565
vn 0.3138 0.7537 0.5774
vn 0.2082 0.8744 0.4383
vn 0.0113 0.9991 0.0418
vn -0.0332 0.9920 0.1215
vn 0.0463 0.9837 0.1737
vn 0.0897 0.9920 0.0886
vn -0.0984 0.9665 0.2372
vn -0.0159 0.9567 0.2906
vn 0.1594 0.9566 0.2438
vn 0.2039 0.9665 0.1559
vn 0.0957 0.9297 0.3557
vn -0.4303 0.5063 0.7473
vn -0.3094 0.7845 0.5374
vn -0.2071 0.9098 0.3598
vn -0.1271 0.9670 0.2208
vn -0.0606 0.9926 0.1052
vn -0.0149 0.9996 0.0259
vn 0.7473 0.5063 0.4303
vn 0.5374 0.7845 0.3094
vn 0.3598 0.9098 0.2071
vn 0.2208 0.9670 0.1271
vn 0.1052 0.9926 0.0606
vn 0.0259 0.9996 0.0149
vn -0.2577 -0.0000 0.9662
vn 0.0012 -0.0000 1.0000
vn 0.2600 -0.0000 0.9656
vn 0.5010 -0.0000 0.8654
vn 0.7080 -0.0000 0.7062
vn -0.0000 1.0000 -0.0000
vt 0.000000 0.000000
vt 1.000000 0.000000
vt 0.000000 1.000000
vt 1.000000 0.000000
vt 0.766963 0.000000
vt 1.000000 0.000000
vt 1.000000 0.000000
vt 1.000000 0.000000
vt 0.883482 0.000000
vt 0.827278 0.000000
vt 0.000000 0.766963
vt 0.000000 1.000000
vt 0.000000 0.827278
vt 0.000000 0.883482
vt 0.000000 1.000000
vt 0.000000 1.000000
vt 0.000000 1.000000
vt 1.000000 0.766964
vt 0.766963 1.000000
vt 0.766964 0.766964
vt 1.000000 0.827257
vt 1.000000 0.883501
vt 1.000000 1.000000
vt 1.000000 0.766964
vt 1.000000 0.829667
vt 1.000000 0.883858
vt 1.000000 1.000000
vt 1.000000 0.766963
vt 1.000000 0.828490
vt 1.000000 0.878021
vt 1.000000 1.000000
vt 0.967169 0.967169
vt 0.766963 1.000000
vt 0.766963 1.000000
vt 0.766963 1.000000
vt 0.827257 1.000000
vt 0.829154 1.000000
vt 0.828139 1.000000
vt 0.826888 1.000000
vt 0.883501 1.000000
vt 0.883921 1.000000
vt 0.877967 1.000000
vt 0.873084 1.000000
vt 0.827257 0.766964
vt 0.883501 0.766964
vt 1.000000 0.766964
vt 0.766963 0.827257
vt 0.829667 0.829154
vt 0.883858 0.828139
vt 1.000000 0.826888
vt 0.766963 0.883501
vt 0.828490 0.883921
vt 0.878021 0.877967
vt 1.000000 0.873084
vt 0.766964 1.000000
vt 1.000000 0.766963
vt 0.827278 1.000000
vt 0.883482 1.000000
vt 1.000000 1.000000
vt 1.000000 0.883482
vt 1.000000 0.827278
s 1
usemtl Material.004
f 18/18/1 4/4/2 2/2/3 56/56/4
f 12/12/5 19/19/6 55/55/7 3/3/8
f 18/18/1 21/21/9 25/25/10 24/24/11
f 21/21/9 22/22/12 26/26/13 25/25/10
f 22/22/12 23/23/14 27/27/15 26/26/13
f 24/24/11 25/25/10 29/29/16 28/28/17
f 25/25/10 26/26/13 30/30/18 29/29/16
f 26/26/13 27/27/15 31/31/19 30/30/18
f 28/28/17 29/29/16 50/50/20 46/46/21
f 29/29/16 30/30/18 54/54/22 50/50/20
f 30/30/18 31/31/19 32/32/23 54/54/22
f 19/19/6 33/33/24 37/37/25 36/36/26
f 33/33/24 34/34/27 38/38/28 37/37/25
f 34/34/27 35/35/29 39/39/30 38/38/28
f 36/36/26 37/37/25 41/41/31 40/40/32
f 37/37/25 38/38/28 42/42/33 41/41/31
f 38/38/28 39/39/30 43/43/34 42/42/33
f 40/40/32 41/41/31 27/27/15 23/23/14
f 41/41/31 42/42/33 31/31/19 27/27/15
f 42/42/33 43/43/34 32/32/23 31/31/19
f 20/20/35 44/44/36 48/48/37 47/47/38
f 44/44/36 45/45/39 49/49/40 48/48/37
f 45/45/39 46/46/21 50/50/20 49/49/40
f 47/47/38 48/48/37 52/52/41 51/51/42
f 48/48/37 49/49/40 53/53/43 52/52/41
f 49/49/40 50/50/20 54/54/22 53/53/43
f 51/51/42 52/52/41 39/39/30 35/35/29
f 52/52/41 53/53/43 43/43/34 39/39/30
f 53/53/43 54/54/22 32/32/23 43/43/34
f 4/4/2 18/18/1 24/24/11 6/6/44
f 6/6/44 24/24/11 28/28/17 7/7/45
f 7/7/45 28/28/17 46/46/21 8/8/46
f 8/8/46 46/46/21 45/45/39 9/9/47
f 9/9/47 45/45/39 44/44/36 10/10/48
f 10/10/48 44/44/36 20/20/35 5/5/49
f 19/19/6 12/12/5 17/17/50 33/33/24
f 33/33/24 17/17/50 16/16/51 34/34/27
f 34/34/27 16/16/51 15/15/52 35/35/29
f 35/35/29 15/15/52 14/14/53 51/51/42
f 51/51/42 14/14/53 13/13/54 47/47/38
f 47/47/38 13/13/54 11/11/55 20/20/35
f 18/18/1 56/56/4 61/61/56 21/21/9
f 21/21/9 61/61/56 60/60/57 22/22/12
f 22/22/12 60/60/57 59/59/58 23/23/14
f 23/23/14 59/59/58 58/58/59 40/40/32
f 40/40/32 58/58/59 57/57/60 36/36/26
f 36/36/26 57/57/60 55/55/7 19/19/6
f 1/1/61 5/5/49 20/20/35 11/11/55
o Globe_Material.002_0
v 1.059581 1.690520 1.817596
v 0.909782 1.664730 1.787915
v 1.155025 1.562748 1.042820
v 1.212847 1.712865 1.817306
v 1.155025 1.562748 1.042820
v 1.363669 1.730905 1.787068
v 1.155025 1.562748 1.042820
v 1.506256 1.743944 1.728029
v 1.155025 1.562748 1.042820
v 1.635144 1.751485 1.642467
v 1.155025 1.562748 1.042820
v 1.745355 1.753235 1.533672
v 1.155025 1.562748 1.042820
v 1.832671 1.749128 1.405814
v 1.155025 1.562748 1.042820
v 1.893736 1.739323 1.263815
v 1.155025 1.562748 1.042820
v 1.926194 1.724196 1.113138
v 1.155025 1.562748 1.042820
v 1.928808 1.704328 0.959558
v 1.155025 1.562748 1.042820
v 1.901466 1.680480 0.808985
v 1.155025 1.562748 1.042820
v 1.845224 1.653574 0.667211
v 1.155025 1.562748 1.042820
v 1.762247 1.624638 0.539667
v 1.155025 1.562748 1.042820
v 1.655726 1.594790 0.431279
v 1.155025 1.562748 1.042820
v 1.529741 1.565172 0.346194
v 1.155025 1.562748 1.042820
v 1.389145 1.536924 0.287683
v 1.155025 1.562748 1.042820
v 1.239346 1.511134 0.258003
v 1.155025 1.562748 1.042820
v 1.086084 1.488789 0.258285
v 1.155025 1.562748 1.042820
v 0.935259 1.470750 0.288530
v 1.155025 1.562748 1.042820
v 0.792664 1.457709 0.347565
v 1.155025 1.562748 1.042820
v 0.663783 1.450170 0.433132
v 1.155025 1.562748 1.042820
v 0.553572 1.448419 0.541926
v 1.155025 1.562748 1.042820
v 0.466249 1.452524 0.669781
v 1.155025 1.562748 1.042820
v 0.405192 1.462331 0.811784
v 1.155025 1.562748 1.042820
v 0.372733 1.477458 0.962460
v 1.155025 1.562748 1.042820
v 0.370119 1.497327 1.116041
v 1.155025 1.562748 1.042820
v 0.397462 1.521174 1.266614
v 1.155025 1.562748 1.042820
v 0.453699 1.548081 1.408395
v 1.155025 1.562748 1.042820
v 0.536680 1.577016 1.535931
v 1.155025 1.562748 1.042820
v 0.643201 1.606864 1.644320
v 1.155025 1.562748 1.042820
v 0.769182 1.636483 1.729412
v 1.155025 1.562748 1.042820
v 0.909782 1.664730 1.787915
v 1.155025 1.562748 1.042820
v -1.389145 17.406301 -0.287683
v -1.239346 17.432091 -0.258003
v -1.155025 17.380478 -1.042820
v -1.086080 17.454437 -0.258292
v -1.155025 17.380478 -1.042820
v -0.935259 17.472477 -0.288530
v -1.155025 17.380478 -1.042820
v -0.792671 17.485516 -0.347569
v -1.155025 17.380478 -1.042820
v -0.663783 17.493057 -0.433132
v -1.155025 17.380478 -1.042820
v -0.553572 17.494808 -0.541926
v -1.155025 17.380478 -1.042820
v -0.466257 17.490700 -0.669785
v -1.155025 17.380478 -1.042820
v -0.405192 17.480896 -0.811784
v -1.155025 17.380478 -1.042820
v -0.372733 17.465767 -0.962460
v -1.155025 17.380478 -1.042820
v -0.370119 17.445900 -1.116041
v -1.155025 17.380478 -1.042820
v -0.397462 17.422052 -1.266614
v -1.155025 17.380478 -1.042820
v -0.453703 17.395145 -1.408388
v -1.155025 17.380478 -1.042820
v -0.536680 17.366209 -1.535931
v -1.155025 17.380478 -1.042820
v -0.643201 17.336361 -1.644320
v -1.155025 17.380478 -1.042820
v -0.769186 17.306744 -1.729404
v -1.155025 17.380478 -1.042820
v -0.909782 17.278496 -1.787915
v -1.155025 17.380478 -1.042820
v -1.059581 17.252705 -1.817596
v -1.155025 17.380478 -1.042820
v -1.212843 17.230360 -1.817313
v -1.155025 17.380478 -1.042820
v -1.363669 17.212322 -1.787068
v -1.155025 17.380478 -1.042820
v -1.506263 17.199280 -1.728033
v -1.155025 17.380478 -1.042820
v -1.635144 17.191742 -1.642467
v -1.155025 17.380478 -1.042820
v -1.745355 17.189991 -1.533672
v -1.155025 17.380478 -1.042820
v -1.832678 17.194096 -1.405818
v -1.155025 17.380478 -1.042820
v -1.893736 17.203903 -1.263815
v -1.155025 17.380478 -1.042820
v -1.926194 17.219030 -1.113138
v -1.155025 17.380478 -1.042820
v -1.928808 17.238899 -0.959558
v -1.155025 17.380478 -1.042820
v -1.901466 17.262745 -0.808985
v -1.155025 17.380478 -1.042820
v -1.845228 17.289654 -0.667204
v -1.155025 17.380478 -1.042820
v -1.762247 17.318588 -0.539667
v -1.155025 17.380478 -1.042820
v -1.655726 17.348436 -0.431279
v -1.155025 17.380478 -1.042820
v -1.529745 17.378054 -0.346187
v -1.155025 17.380478 -1.042820
v -1.389145 17.406301 -0.287683
v -1.155025 17.380478 -1.042820
v 0.953936 1.893239 2.574866
v 0.655766 1.841904 2.515787
v 1.258982 1.937713 2.574293
v 1.559171 1.973617 2.514103
v 1.842987 1.999572 2.396595
v 2.099512 2.014581 2.226297
v 2.318878 2.018064 2.009752
v 2.492672 2.009892 1.755271
v 2.614207 1.990375 1.472640
v 2.678813 1.960265 1.172732
v 2.684004 1.920718 0.867051
v 2.629595 1.873256 0.567357
v 2.517653 1.819700 0.285169
v 2.352499 1.762109 0.031319
v 2.140478 1.702699 -0.184420
v 1.889727 1.643749 -0.353773
v 1.609889 1.587526 -0.470225
v 1.311727 1.536193 -0.529301
v 1.006680 1.491719 -0.528727
v 0.706484 1.455813 -0.468541
v 0.422676 1.429860 -0.351030
v 0.166151 1.414851 -0.180732
v -0.053215 1.411367 0.035814
v -0.227009 1.419540 0.290295
v -0.348545 1.439057 0.572925
v -0.413150 1.469167 0.872834
v -0.418341 1.508714 1.178515
v -0.363933 1.556176 1.478209
v -0.251990 1.609732 1.760397
v -0.086837 1.667323 2.014246
v 0.125184 1.726733 2.229985
v 0.375935 1.785683 2.399338
v 0.655766 1.841904 2.515787
v 0.839109 2.168937 3.307336
v 0.395448 2.092554 3.219434
v 1.292996 2.235112 3.306489
v 1.739671 2.288536 3.216923
v 2.161968 2.327155 3.042084
v 2.543654 2.349486 2.788688
v 2.870069 2.354671 2.466472
v 3.128667 2.342510 2.087823
v 3.309499 2.313469 1.667286
v 3.405630 2.268667 1.221026
v 3.413360 2.209824 0.766195
v 3.332390 2.139202 0.320268
v 3.165836 2.059514 -0.099618
v 2.920096 1.973824 -0.477324
v 2.604613 1.885422 -0.798341
v 2.231515 1.797708 -1.050332
v 1.815131 1.714052 -1.223601
v 1.371470 1.637669 -1.311503
v 0.917584 1.571494 -1.310656
v 0.470908 1.518071 -1.221089
v 0.048612 1.479451 -1.046250
v -0.333075 1.457121 -0.792854
v -0.659489 1.451936 -0.470639
v -0.918088 1.464096 -0.091990
v -1.098927 1.493135 0.328544
v -1.195058 1.537938 0.774804
v -1.202781 1.596782 1.229638
v -1.121811 1.667405 1.675565
v -0.955257 1.747092 2.095451
v -0.709521 1.832783 2.473165
v -0.394038 1.921185 2.794181
v -0.020936 2.008898 3.046165
v 0.395448 2.092554 3.219434
v 0.716197 2.514960 4.007959
v 0.131312 2.414263 3.892079
v 1.314560 2.602198 4.006841
v 1.903407 2.672626 3.888771
v 2.460125 2.723538 3.658275
v 2.963306 2.752978 3.324222
v 3.393625 2.759813 2.899443
v 3.734527 2.743780 2.400267
v 3.972926 2.705498 1.845877
v 4.099652 2.646433 1.257566
v 4.109842 2.568861 0.657960
v 4.003105 2.475760 0.070098
v 3.783532 2.370707 -0.483442
v 3.459572 2.257740 -0.981376
v 3.043669 2.141200 -1.404579
v 2.551809 2.025567 -1.736770
v 2.002896 1.915283 -1.965198
v 1.418015 1.814586 -2.081085
v 0.819652 1.727347 -2.079967
v 0.230801 1.656919 -1.961890
v -0.325917 1.606008 -1.731394
v -0.829105 1.576567 -1.397345
v -1.259417 1.569733 -0.972562
v -1.600319 1.585766 -0.473386
v -1.838718 1.624048 0.081004
v -1.965452 1.683111 0.669311
v -1.975641 1.760684 1.268918
v -1.868901 1.853786 1.856790
v -1.649328 1.958839 2.410330
v -1.325368 2.071806 2.908264
v -0.909460 2.188346 3.331460
v -0.417601 2.303979 3.663651
v 0.131312 2.414263 3.892079
v 0.586376 2.927986 4.669981
v -0.134084 2.803947 4.527237
v 1.323458 3.035449 4.668604
v 2.048820 3.122204 4.523155
v 2.734593 3.184919 4.239232
v 3.354424 3.221184 3.827743
v 3.884491 3.229602 3.304490
v 4.304422 3.209853 2.689595
v 4.598086 3.162695 2.006685
v 4.754197 3.089941 1.281998
v 4.766744 2.994384 0.543391
v 4.635262 2.879701 -0.180753
v 4.364787 2.750293 -0.862616
v 3.965731 2.611139 -1.475982
v 3.453410 2.467583 -1.997284
v 2.847528 2.325144 -2.406485
v 2.171364 2.189294 -2.687867
v 1.450897 2.065254 -2.830616
v 0.713823 1.957792 -2.829234
v -0.011535 1.871037 -2.683793
v -0.697312 1.808322 -2.399862
v -1.317143 1.772058 -1.988373
v -1.847210 1.763639 -1.465120
v -2.267148 1.783387 -0.850229
v -2.560805 1.830546 -0.167315
v -2.716916 1.903301 0.557372
v -2.729463 1.998857 1.295979
v -2.597985 2.113541 2.020130
v -2.327506 2.242948 2.701986
v -1.928450 2.382102 3.315352
v -1.416129 2.525659 3.836654
v -0.810251 2.668098 4.245862
v -0.134084 2.803947 4.527237
v 0.450927 3.404027 5.287029
v -0.398186 3.257839 5.118793
v 1.319613 3.530679 5.285411
v 2.174493 3.632924 5.113991
v 2.982721 3.706837 4.779365
v 3.713229 3.749577 4.294395
v 4.337945 3.759499 3.677712
v 4.832870 3.736225 2.953024
v 5.178963 3.680645 2.148167
v 5.362947 3.594899 1.294080
v 5.377745 3.482282 0.423588
v 5.222781 3.347118 -0.429868
v 4.904008 3.194605 -1.233475
v 4.433692 3.030602 -1.956365
v 3.829897 2.861413 -2.570758
v 3.115828 2.693539 -3.053030
v 2.318925 2.533432 -3.384655
v 1.469812 2.387243 -3.552889
v 0.601123 2.260592 -3.551265
v -0.253765 2.158345 -3.379848
v -1.061993 2.084432 -3.045223
v -1.792500 2.041693 -2.560253
v -2.417218 2.031771 -1.943570
v -2.912134 2.055046 -1.218878
v -3.258235 2.110625 -0.414025
v -3.442218 2.196371 0.440062
v -3.457009 2.308990 1.310558
v -3.302045 2.444153 2.164014
v -2.983277 2.596667 2.967628
v -2.512960 2.760669 3.690518
v -1.909162 2.929858 4.304904
v -1.195092 3.097732 4.787175
v -0.398186 3.257839 5.118793
v 0.311120 3.938495 5.853162
v -0.658460 3.771565 5.661053
v 1.303063 4.083116 5.851310
v 2.279236 4.199869 5.655571
v 3.202131 4.284269 5.273473
v 4.036274 4.333070 4.719696
v 4.749626 4.344401 4.015521
v 5.314765 4.317823 3.188010
v 5.709970 4.254361 2.268972
v 5.920055 4.156449 1.293709
v 5.936948 4.027852 0.299704
v 5.759996 3.873512 -0.674835
v 5.396005 3.699361 -1.592463
v 4.858963 3.512091 -2.417914
v 4.169501 3.318897 -3.119469
v 3.354115 3.127205 -3.670161
v 2.444149 2.944382 -4.048841
v 1.474573 2.777454 -4.240940
v 0.482631 2.632833 -4.239087
v -0.493542 2.516080 -4.043348
v -1.416438 2.431680 -3.661251
v -2.250588 2.382877 -3.107477
v -2.963939 2.371547 -2.403301
v -3.529079 2.398124 -1.575791
v -3.924281 2.461589 -0.656742
v -4.134366 2.559501 0.318521
v -4.151255 2.688097 1.312519
v -3.974303 2.842437 2.287058
v -3.610312 3.016588 3.204685
v -3.073270 3.203858 4.030137
v -2.383808 3.397052 4.731691
v -1.568426 3.588744 5.282391
v -0.658460 3.771565 5.661053
v 0.168327 4.526263 6.362918
v -0.912390 4.340201 6.148800
v 1.273954 4.687459 6.360858
v 2.362021 4.817595 6.142685
v 3.390692 4.911668 5.716790
v 4.320451 4.966064 5.099541
v 5.115568 4.978694 4.314656
v 5.745483 4.949070 3.392296
v 6.185981 4.878332 2.367914
v 6.420149 4.769198 1.280869
v 6.438975 4.625862 0.172939
v 6.241742 4.453832 -0.913306
v 5.836035 4.259720 -1.936112
v 5.237435 4.050984 -2.856175
v 4.468946 3.835648 -3.638136
v 3.560104 3.621984 -4.251957
v 2.545841 3.418207 -4.674030
v 1.465128 3.232144 -4.888155
v 0.359490 3.070947 -4.886093
v -0.728570 2.940812 -4.667915
v -1.757248 2.846738 -4.242025
v -2.687007 2.792342 -3.624775
v -3.482117 2.779714 -2.839886
v -4.112033 2.809337 -1.917526
v -4.552541 2.880075 -0.893140
v -4.786702 2.989209 0.193908
v -4.805529 3.132545 1.301838
v -4.608292 3.304576 2.388076
v -4.202584 3.498688 3.410882
v -3.603984 3.707423 4.330945
v -2.835499 3.922760 5.112913
v -1.926653 4.136424 5.726727
v -0.912390 4.340201 6.148800
v 0.023910 5.161648 6.811409
v -1.157531 4.958243 6.577330
v 1.232586 5.337867 6.809151
v 2.422055 5.480131 6.570645
v 3.546604 5.582972 6.105055
v 4.563028 5.642440 5.430275
v 5.432244 5.656246 4.572240
v 6.120866 5.623860 3.563911
v 6.602422 5.546529 2.444054
v 6.858413 5.427224 1.255692
v 6.878995 5.270529 0.044504
v 6.663382 5.082466 -1.142975
v 6.219859 4.870261 -2.261112
v 5.565463 4.642071 -3.266928
v 4.725356 4.406665 -4.121770
v 3.731806 4.173087 -4.792798
v 2.623012 3.950317 -5.254213
v 1.441570 3.746913 -5.488292
v 0.232895 3.570694 -5.486033
v -0.956581 3.428428 -5.247531
v -2.081131 3.325587 -4.781942
v -3.097547 3.266121 -4.107158
v -3.966763 3.252315 -3.249123
v -4.655385 3.284700 -2.240794
v -5.136941 3.362031 -1.120937
v -5.392932 3.481337 0.067425
v -5.413518 3.638032 1.278620
v -5.197905 3.826096 2.466099
v -4.754378 4.038300 3.584229
v -4.099982 4.266490 4.590045
v -3.259872 4.501898 5.444898
v -2.266330 4.735474 6.115921
v -1.157531 4.958243 6.577330
v -0.120738 5.838545 7.194290
v -1.391526 5.619759 6.942514
v 1.179346 6.028091 7.191862
v 2.458767 6.181114 6.935322
v 3.668365 6.291734 6.434525
v 4.761644 6.355697 5.708714
v 5.696602 6.370548 4.785789
v 6.437304 6.335714 3.701205
v 6.955276 6.252534 2.496657
v 7.230620 6.124205 1.218425
v 7.252760 5.955660 -0.084362
v 7.020844 5.753375 -1.361642
v 6.543779 5.525123 -2.564335
v 5.839899 5.279676 -3.646213
v 4.936256 5.026467 -4.565710
v 3.867570 4.775225 -5.287485
v 2.674921 4.535608 -5.783794
v 1.404137 4.316822 -6.035577
v 0.104053 4.127275 -6.033149
v -1.175379 3.974251 -5.776606
v -2.384970 3.863633 -5.275805
v -3.478257 3.799668 -4.549998
v -4.413208 3.784819 -3.627069
v -5.153909 3.819653 -2.542485
v -5.671882 3.902833 -1.337937
v -5.947233 4.031160 -0.059709
v -5.969377 4.199706 1.243085
v -5.737453 4.401992 2.520369
v -5.260388 4.630244 3.723062
v -4.556508 4.875690 4.804940
v -3.652858 5.128901 5.724441
v -2.584175 5.380142 6.446205
v -1.391526 5.619759 6.942514
v -0.264224 6.550426 7.507895
v -1.612118 6.318365 7.240836
v 1.114748 6.751473 7.505314
v 2.471807 6.913782 7.233208
v 3.754792 7.031113 6.702023
v 4.914415 7.098958 5.932177
v 5.906098 7.114709 4.953246
v 6.691745 7.077762 3.802854
v 7.241146 6.989534 2.525215
v 7.533203 6.853420 1.169426
v 7.556688 6.674648 -0.212409
v 7.310693 6.460087 -1.567200
v 6.804680 6.217986 -2.842863
v 6.058094 5.957646 -3.990392
v 5.099617 5.689073 -4.965676
v 3.966086 5.422586 -5.731249
v 2.701068 5.168429 -6.257671
v 1.353175 4.936368 -6.524730
v -0.025800 4.735319 -6.522160
v -1.382856 4.573011 -6.250043
v -2.665849 4.455680 -5.718862
v -3.825464 4.387836 -4.949012
v -4.817154 4.372084 -3.970085
v -5.602794 4.409032 -2.819689
v -6.152202 4.497258 -1.542054
v -6.444252 4.633374 -0.186261
v -6.467741 4.812146 1.195582
v -6.221749 5.026705 2.550361
v -5.715733 5.268808 3.826035
v -4.969147 5.529148 4.973564
v -4.010662 5.797723 5.948852
v -2.877135 6.064208 6.714414
v -1.612118 6.318365 7.240836
v -0.405165 7.290449 7.749186
v -1.817191 7.047347 7.469425
v 1.039414 7.501062 7.746488
v 2.461029 7.671092 7.461436
v 3.805059 7.794005 6.904980
v 5.019848 7.865077 6.098502
v 6.058719 7.881578 5.072998
v 6.881739 7.842873 3.867877
v 7.457279 7.750449 2.529458
v 7.763235 7.607859 1.109164
v 7.787835 7.420581 -0.338417
v 7.530137 7.195813 -1.757657
v 7.000050 6.942194 -3.094015
v 6.217939 6.669468 -4.296135
v 5.213862 6.388116 -5.317826
v 4.026404 6.108951 -6.119817
v 2.701200 5.842702 -6.671289
v 1.289185 5.599600 -6.951054
v -0.155393 5.388988 -6.948356
v -1.577019 5.218956 -6.663301
v -2.921050 5.096043 -6.106844
v -4.135839 5.024971 -5.300366
v -5.174702 5.008471 -4.274858
v -5.997722 5.047177 -3.069737
v -6.573273 5.139600 -1.731316
v -6.879218 5.282191 -0.311025
v -6.903821 5.469469 1.136563
v -6.646123 5.694237 2.555803
v -6.116037 5.947857 3.892162
v -5.333927 6.220583 5.094282
v -4.329849 6.501935 6.115973
v -3.142391 6.781099 6.917964
v -1.817191 7.047347 7.469425
v -0.542208 8.051467 7.915856
v -2.004756 7.799665 7.626076
v 0.954066 8.269617 7.913057
v 2.426557 8.445732 7.617808
v 3.818686 8.573043 7.041435
v 5.076950 8.646660 6.206099
v 6.152992 8.663751 5.143898
v 7.005457 8.623659 3.895651
v 7.601598 8.527929 2.509341
v 7.918496 8.380236 1.038222
v 7.943984 8.186256 -0.461167
v 7.677063 7.953445 -1.931190
v 7.128003 7.690749 -3.315372
v 6.317906 7.408263 -4.560514
v 5.277900 7.116844 -5.618762
v 4.047951 6.827690 -6.449453
v 2.675325 6.551913 -7.020658
v 1.212774 6.300112 -7.310430
v -0.283497 6.081962 -7.307639
v -1.755992 5.905847 -7.012382
v -3.148120 5.778535 -6.436009
v -4.406378 5.704921 -5.600669
v -5.482420 5.687829 -4.538469
v -6.334892 5.727920 -3.290225
v -6.931030 5.823651 -1.903904
v -7.247928 5.971345 -0.432785
v -7.273412 6.165324 1.066596
v -7.006495 6.398135 2.536627
v -6.457434 6.660831 3.920808
v -5.647334 6.943316 5.165944
v -4.607327 7.234736 6.224192
v -3.377379 7.523890 7.054883
v -2.004756 7.799665 7.626076
v -0.674025 8.826168 8.006287
v -2.173011 8.568093 7.709292
v 0.859533 9.049754 8.003425
v 2.368720 9.230258 7.700811
v 3.795527 9.360741 7.110079
v 5.085148 9.436192 6.253928
v 6.187999 9.453707 5.165255
v 7.061713 9.412619 3.885909
v 7.672711 9.314503 2.465049
v 7.997500 9.163129 0.957277
v 8.023618 8.964315 -0.579469
v 7.750049 8.725703 -2.086130
v 7.187315 8.456463 -3.504800
v 6.357028 8.166938 -4.780964
v 5.291106 7.868256 -5.865585
v 4.030511 7.571897 -6.716974
v 2.623683 7.289249 -7.302412
v 1.124685 7.031173 -7.599403
v -0.408865 6.807589 -7.596537
v -1.918048 6.627085 -7.293930
v -3.344867 6.496601 -6.703195
v -4.634480 6.421151 -5.847040
v -5.737338 6.403634 -4.758371
v -6.611052 6.444723 -3.479025
v -7.222043 6.542840 -2.058161
v -7.546844 6.694213 -0.550386
v -7.572960 6.893026 0.986360
v -7.299392 7.131639 2.493021
v -6.736647 7.400880 3.911688
v -5.906364 7.690406 5.187860
v -4.840438 7.989087 6.272473
v -3.579843 8.285446 7.123862
v -2.173011 8.568093 7.709292
v -0.799348 9.607087 8.019616
v -2.320351 9.345222 7.718262
v 0.756720 9.833955 8.016709
v 2.288066 10.017109 7.709653
v 3.735822 10.149507 7.110247
v 5.044374 10.226066 6.241530
v 6.163420 10.243839 5.136878
v 7.049964 10.202147 3.838745
v 7.669922 10.102590 2.397024
v 7.999486 9.948994 0.867112
v 8.025986 9.747262 -0.692192
v 7.748401 9.505146 -2.220975
v 7.177403 9.231953 -3.660474
v 6.334930 8.938178 -4.955372
v 5.253359 8.635112 -6.055913
v 3.974253 8.334401 -6.919804
v 2.546774 8.047604 -7.513834
v 1.025772 7.785739 -7.815188
v -0.530304 7.558869 -7.812286
v -2.061639 7.375717 -7.505233
v -3.509406 7.243318 -6.905823
v -4.817951 7.166760 -6.037103
v -5.936996 7.148986 -4.932450
v -6.823541 7.190679 -3.634318
v -7.443511 7.290235 -2.192594
v -7.773074 7.443831 -0.662681
v -7.799566 7.645564 0.896627
v -7.521989 7.887678 2.425406
v -6.950980 8.160873 3.864901
v -6.108511 8.454649 5.159806
v -5.026939 8.757714 6.260348
v -3.747834 9.058426 7.124239
v -2.320351 9.345222 7.718262
v -0.916973 10.386694 7.955713
v -2.445340 10.123561 7.652895
v 0.646622 10.614659 7.952792
v 2.185372 10.798698 7.644249
v 3.640139 10.931738 7.041944
v 4.955021 11.008667 6.169024
v 6.079483 11.026526 5.059021
v 6.970313 10.984632 3.754609
v 7.593275 10.884593 2.305909
v 7.924435 10.730254 0.768597
v 7.951062 10.527547 -0.798250
v 7.672137 10.284260 -2.334431
v 7.098374 10.009744 -3.780894
v 6.251825 9.714548 -5.082056
v 5.165014 9.410014 -6.187923
v 3.879721 9.107849 -7.055991
v 2.445336 8.819663 -7.652906
v 0.916973 8.556532 -7.955713
v -0.646630 8.328566 -7.952796
v -2.185379 8.144526 -7.644253
v -3.640146 8.011486 -7.041947
v -4.955025 7.934559 -6.169017
v -6.079490 7.916698 -5.059024
v -6.970319 7.958592 -3.754613
v -7.593282 8.058631 -2.305913
v -7.924442 8.212970 -0.768601
v -7.951066 8.415679 0.798257
v -7.672137 8.658966 2.334431
v -7.098374 8.933482 3.780894
v -6.251822 9.228680 5.082067
v -5.165018 9.533212 6.187930
v -3.879725 9.835377 7.055998
v -2.445340 10.123561 7.652895
v -1.025772 11.157487 7.815188
v -2.546774 10.895622 7.513834
v 0.530297 11.384355 7.812282
v 2.061643 11.567509 7.505226
v 3.509399 11.699907 6.905819
v 4.817951 11.776466 6.037103
v 5.936996 11.794240 4.932450
v 6.823541 11.752547 3.634318
v 7.443499 11.652990 2.192597
v 7.773063 11.499393 0.662684
v 7.799562 11.297663 -0.896619
v 7.521978 11.055547 -2.425402
v 6.950980 10.782352 -3.864901
v 6.108507 10.488578 -5.159800
v 5.026936 10.185512 -6.260341
v 3.747830 9.884801 -7.124232
v 2.320351 9.598003 -7.718262
v 0.799348 9.336139 -8.019616
v -0.756727 9.109269 -8.016713
v -2.288062 8.926117 -7.709661
v -3.735829 8.793717 -7.110250
v -5.044374 8.717160 -6.241530
v -6.163420 8.699387 -5.136878
v -7.049964 8.741078 -3.838745
v -7.669934 8.840635 -2.397021
v -7.999497 8.994231 -0.867108
v -8.025990 9.195964 0.692199
v -7.748412 9.438078 2.220978
v -7.177403 9.711273 3.660474
v -6.334935 10.005049 4.955379
v -5.253363 10.308115 6.055920
v -3.974257 10.608826 6.919811
v -2.546774 10.895622 7.513834
v -1.124692 11.912052 7.599399
v -2.623679 11.653976 7.302404
v 0.408865 12.135637 7.596537
v 1.918052 12.316141 7.293923
v 3.344859 12.446623 6.703191
v 4.634480 12.522075 5.847040
v 5.737331 12.539591 4.758367
v 6.611045 12.498501 3.479021
v 7.222043 12.400386 2.058161
v 7.546832 12.249012 0.550389
v 7.572949 12.050200 -0.986357
v 7.299381 11.811586 -2.493018
v 6.736647 11.542345 -3.911688
v 5.906360 11.252821 -5.187852
v 4.840438 10.954140 -6.272473
v 3.579843 10.657780 -7.123862
v 2.173015 10.375132 -7.709300
v 0.674017 10.117056 -8.006291
v -0.859533 9.893472 -8.003425
v -2.368716 9.712968 -7.700818
v -3.795534 9.582484 -7.110083
v -5.085148 9.507034 -6.253928
v -6.188006 9.489517 -5.165259
v -7.061720 9.530606 -3.885913
v -7.672711 9.628723 -2.465049
v -7.997512 9.780096 -0.957274
v -8.023628 9.978909 0.579473
v -7.750060 10.217522 2.086133
v -7.187315 10.486763 3.504800
v -6.357032 10.776289 4.780972
v -5.291106 11.074969 5.865585
v -4.030511 11.371328 6.716974
v -2.623679 11.653976 7.302404
v -1.212780 12.643112 7.310426
v -2.675328 12.391311 7.020647
v 0.283494 12.861262 7.307628
v 1.755985 13.037377 7.012378
v 3.148113 13.164689 6.436005
v 4.406378 13.238305 5.600669
v 5.482420 13.255396 4.538469
v 6.334885 13.215304 3.290221
v 6.931026 13.119575 1.903911
v 7.247924 12.971881 0.432792
v 7.273412 12.777903 -1.066596
v 7.006490 12.545092 -2.536619
v 6.457430 12.282394 -3.920801
v 5.647334 11.999909 -5.165944
v 4.607327 11.708489 -6.224192
v 3.377379 11.419335 -7.054883
v 2.004753 11.143559 -7.626087
v 0.542201 10.891757 -7.915860
v -0.954069 10.673607 -7.913068
v -2.426564 10.497493 -7.617812
v -3.818692 10.370181 -7.041439
v -5.076950 10.296566 -6.206099
v -6.152992 10.279475 -5.143898
v -7.005465 10.319566 -3.895655
v -7.601603 10.415298 -2.509334
v -7.918500 10.562991 -1.038215
v -7.943984 10.756969 0.461167
v -7.677067 10.989780 1.931197
v -7.128006 11.252478 3.315379
v -6.317906 11.534963 4.560514
v -5.277900 11.826382 5.618762
v -4.047951 12.115536 6.449453
v -2.675328 12.391311 7.020647
v -1.289181 13.343625 6.951046
v -2.701207 13.100523 6.671286
v 0.155397 13.554238 6.948348
v 1.577012 13.724268 6.663297
v 2.921042 13.847181 6.106840
v 4.135831 13.918253 5.300363
v 5.174702 13.934754 4.274858
v 5.997722 13.896049 3.069737
v 6.573262 13.803625 1.731319
v 6.879218 13.661036 0.311025
v 6.903818 13.473757 -1.136556
v 6.646120 13.248989 -2.555796
v 6.116033 12.995369 -3.892154
v 5.333922 12.722644 -5.094275
v 4.329845 12.441292 -6.115966
v 3.142388 12.162127 -6.917956
v 1.817184 11.895878 -7.469429
v 0.405169 11.652777 -7.749193
v -1.039410 11.442163 -7.746495
v -2.461036 11.272133 -7.461440
v -3.805066 11.149220 -6.904984
v -5.019856 11.078147 -6.098506
v -6.058719 11.061647 -5.072998
v -6.881739 11.100353 -3.867877
v -7.457290 11.192776 -2.529455
v -7.763235 11.335367 -1.109164
v -7.787838 11.522645 0.338424
v -7.530140 11.747413 1.757664
v -7.000054 12.001033 3.094023
v -6.217944 12.273759 4.296143
v -5.213866 12.555111 5.317834
v -4.026408 12.834275 6.119824
v -2.701207 13.100523 6.671286
v -1.353175 14.006859 6.524730
v -2.701068 13.774796 6.257671
v 0.025797 14.207905 6.522149
v 1.382856 14.370214 6.250043
v 2.665842 14.487545 5.718858
v 3.825464 14.555389 4.949012
v 4.817147 14.571140 3.970081
v 5.602794 14.534193 2.819689
v 6.152195 14.445967 1.542050
v 6.444252 14.309852 0.186261
v 6.467737 14.131081 -1.195574
v 6.221742 13.916519 -2.550365
v 5.715729 13.674417 -3.826028
v 4.969143 13.414079 -4.973557
v 4.010665 13.145505 -5.948841
v 2.877135 12.879018 -6.714414
v 1.612118 12.624861 -7.240836
v 0.264224 12.392799 -7.507895
v -1.114751 12.191751 -7.505325
v -2.471807 12.029444 -7.233208
v -3.754800 11.912111 -6.702027
v -4.914415 11.844268 -5.932177
v -5.906106 11.828516 -4.953250
v -6.691745 11.865464 -3.802854
v -7.241153 11.953690 -2.525219
v -7.533203 12.089806 -1.169426
v -7.556692 12.268578 0.212417
v -7.310700 12.483137 1.567196
v -6.804684 12.725240 2.842870
v -6.058098 12.985579 3.990399
v -5.099613 13.254154 4.965687
v -3.966086 13.520639 5.731249
v -2.701068 13.774796 6.257671
v -1.404133 14.626404 6.035570
v -2.674921 14.407618 5.783794
v -0.104049 14.815950 6.033142
v 1.175372 14.968973 5.776602
v 2.384970 15.079593 5.275805
v 3.478250 15.143556 4.549994
v 4.413208 15.158407 3.627069
v 5.153909 15.123573 2.542485
v 5.671882 15.040393 1.337937
v 5.947226 14.912064 0.059705
v 5.969366 14.743519 -1.243082
v 5.737449 14.541234 -2.520361
v 5.260384 14.312983 -3.723055
v 4.556504 14.067535 -4.804933
v 3.652861 13.814326 -5.724430
v 2.584175 13.563084 -6.446205
v 1.391526 13.323467 -6.942514
v 0.120742 13.104681 -7.194297
v -1.179342 12.915134 -7.191869
v -2.458774 12.762110 -6.935326
v -3.668365 12.651492 -6.434525
v -4.761652 12.587527 -5.708718
v -5.696602 12.572678 -4.785789
v -6.437304 12.607512 -3.701205
v -6.955276 12.690692 -2.496657
v -7.230628 12.819019 -1.218429
v -7.252772 12.987564 0.084365
v -7.020848 13.189851 1.361649
v -6.543783 13.418103 2.564342
v -5.839902 13.663549 3.646220
v -4.936253 13.916760 4.565721
v -3.867570 14.168001 5.287485
v -2.674921 14.407618 5.783794
v -1.441570 15.196313 5.488292
v -2.623012 14.992908 5.254213
v -0.232895 15.372532 5.486033
v 0.956574 15.514796 5.247528
v 2.081123 15.617638 4.781938
v 3.097547 15.677105 4.107158
v 3.966763 15.690910 3.249123
v 4.655385 15.658525 2.240794
v 5.136941 15.581194 1.120937
v 5.392932 15.461889 -0.067425
v 5.413514 15.305194 -1.278613
v 5.197901 15.117130 -2.466091
v 4.754378 14.904926 -3.584229
v 4.099982 14.676736 -4.590045
v 3.259875 14.441330 -5.444888
v 2.266326 14.207752 -6.115915
v 1.157531 13.984982 -6.577330
v -0.023910 13.781578 -6.811409
v -1.232586 13.605359 -6.809151
v -2.422062 13.463093 -6.570649
v -3.546611 13.360252 -6.105059
v -4.563028 13.300786 -5.430275
v -5.432244 13.286980 -4.572240
v -6.120866 13.319366 -3.563911
v -6.602422 13.396696 -2.444054
v -6.858413 13.516003 -1.255692
v -6.878999 13.672697 -0.044496
v -6.663385 13.860761 1.142982
v -6.219859 14.072965 2.261112
v -5.565463 14.301155 3.266928
v -4.725353 14.536563 4.121781
v -3.731810 14.770139 4.792804
v -2.623012 14.992908 5.254213
v -1.465124 15.711082 4.888148
v -2.545841 15.525019 4.674030
v -0.359497 15.872277 4.886089
v 0.728570 16.002415 4.667915
v 1.757241 16.096485 4.242021
v 2.687000 16.150883 3.624771
v 3.482117 16.163513 2.839886
v 4.112033 16.133888 1.917526
v 4.552529 16.063150 0.893144
v 4.786697 15.954017 -0.193901
v 4.805525 15.810680 -1.301831
v 4.608292 15.638650 -2.388076
v 4.202584 15.444538 -3.410882
v 3.603984 15.235803 -4.330945
v 2.835495 15.020466 -5.112906
v 1.926653 14.806803 -5.726727
v 0.912390 14.603025 -6.148800
v -0.168323 14.416963 -6.362925
v -1.273961 14.255765 -6.360862
v -2.362021 14.125630 -6.142685
v -3.390699 14.031556 -5.716794
v -4.320457 13.977160 -5.099545
v -5.115568 13.964532 -4.314656
v -5.745483 13.994156 -3.392296
v -6.185991 14.064893 -2.367910
v -6.420153 14.174027 -1.280862
v -6.438979 14.317364 -0.172932
v -6.241742 14.489394 0.913306
v -5.836035 14.683506 1.936112
v -5.237435 14.892241 2.856175
v -4.468949 15.107578 3.638143
v -3.560104 15.321241 4.251957
v -2.545841 15.525019 4.674030
v -1.474573 16.165771 4.240940
v -2.444153 15.998842 4.048831
v -0.482631 16.310392 4.239087
v 0.493542 16.427145 4.043348
v 1.416438 16.511545 3.661251
v 2.250581 16.560347 3.107473
v 2.963933 16.571678 2.403298
v 3.529072 16.545101 1.575787
v 3.924277 16.481638 0.656749
v 4.134362 16.383726 -0.318514
v 4.151255 16.255129 -1.312519
v 3.974303 16.100788 -2.287058
v 3.610312 15.926638 -3.204685
v 3.073270 15.739367 -4.030137
v 2.383808 15.546174 -4.731691
v 1.568422 15.354483 -5.282383
v 0.658456 15.171659 -5.661064
v -0.311120 15.004730 -5.853162
v -1.303063 14.860109 -5.851310
v -2.279236 14.743357 -5.655571
v -3.202131 14.658957 -5.273473
v -4.036282 14.610154 -4.719699
v -4.749633 14.598824 -4.015524
v -5.314772 14.625401 -3.188014
v -5.709974 14.688866 -2.268965
v -5.920059 14.786777 -1.293702
v -5.936948 14.915374 -0.299704
v -5.759996 15.069714 0.674835
v -5.396005 15.243865 1.592463
v -4.858963 15.431135 2.417914
v -4.169501 15.624329 3.119469
v -3.354119 15.816021 3.670168
v -2.444153 15.998842 4.048831
v -1.469808 16.555983 3.552883
v -2.318921 16.409794 3.384647
v -0.601123 16.682632 3.551265
v 0.253757 16.784878 3.379845
v 1.061985 16.858791 3.045219
v 1.792494 16.901531 2.560249
v 2.417210 16.911453 1.943566
v 2.912134 16.888180 1.218878
v 3.258227 16.832600 0.414021
v 3.442211 16.746853 -0.440066
v 3.457009 16.634235 -1.310558
v 3.302045 16.499073 -2.164014
v 2.983273 16.346560 -2.967621
v 2.512957 16.182556 -3.690511
v 1.909162 16.013367 -4.304904
v 1.195092 15.845493 -4.787175
v 0.398190 15.685387 -5.118801
v -0.450923 15.539198 -5.287035
v -1.319613 15.412547 -5.285411
v -2.174500 15.310300 -5.113995
v -2.982728 15.236387 -4.779369
v -3.713236 15.193647 -4.294399
v -4.337953 15.183725 -3.677716
v -4.832870 15.207001 -2.953024
v -5.178970 15.262579 -2.148171
v -5.362953 15.348326 -1.294084
v -5.377745 15.460944 -0.423588
v -5.222781 15.596107 0.429868
v -4.904012 15.748621 1.233482
v -4.433696 15.912623 1.956372
v -3.829897 16.081814 2.570758
v -3.115828 16.249687 3.053030
v -2.318921 16.409794 3.384647
v -1.450905 16.877972 2.830612
v -2.171364 16.753931 2.687867
v -0.713823 16.985434 2.829234
v 0.011539 17.072189 2.683785
v 0.697312 17.134903 2.399862
v 1.317143 17.171169 1.988373
v 1.847210 17.179586 1.465120
v 2.267141 17.159838 0.850225
v 2.560805 17.112680 0.167315
v 2.716916 17.039925 -0.557372
v 2.729463 16.944368 -1.295979
v 2.597981 16.829685 -2.020123
v 2.327506 16.700277 -2.701986
v 1.928450 16.561123 -3.315352
v 1.416129 16.417568 -3.836654
v 0.810247 16.275127 -4.245855
v 0.134084 16.139278 -4.527237
v -0.586383 16.015238 -4.669986
v -1.323458 15.907777 -4.668604
v -2.048816 15.821022 -4.523162
v -2.734593 15.758307 -4.239232
v -3.354424 15.722042 -3.827743
v -3.884491 15.713624 -3.304490
v -4.304429 15.733372 -2.689599
v -4.598086 15.780531 -2.006685
v -4.754197 15.853285 -1.281998
v -4.766744 15.948841 -0.543391
v -4.635266 16.063526 0.180760
v -4.364787 16.192932 0.862616
v -3.965731 16.332087 1.475982
v -3.453410 16.475643 1.997284
v -2.847532 16.618082 2.406492
v -2.171364 16.753931 2.687867
v -1.418011 17.128639 2.081078
v -2.002896 17.027943 1.965198
v -0.819648 17.215878 2.079959
v -0.230801 17.286306 1.961890
v 0.325917 17.337219 1.731394
v 0.829098 17.366657 1.397341
v 1.259417 17.373493 0.972562
v 1.600319 17.357460 0.473386
v 1.838718 17.319178 -0.081004
v 1.965444 17.260113 -0.669315
v 1.975634 17.182541 -1.268921
v 1.868897 17.089439 -1.856783
v 1.649324 16.984386 -2.410323
v 1.325364 16.871420 -2.908257
v 0.909460 16.754879 -3.331460
v 0.417601 16.639246 -3.663651
v -0.131312 16.528963 -3.892079
v -0.716193 16.428265 -4.007966
v -1.314556 16.341026 -4.006848
v -1.903407 16.270599 -3.888771
v -2.460125 16.219688 -3.658275
v -2.963314 16.190247 -3.324226
v -3.393625 16.183413 -2.899443
v -3.734527 16.199446 -2.400267
v -3.972926 16.237728 -1.845877
v -4.099660 16.296791 -1.257570
v -4.109849 16.374363 -0.657963
v -4.003109 16.467466 -0.070091
v -3.783536 16.572519 0.483449
v -3.459576 16.685486 0.981383
v -3.043669 16.802027 1.404579
v -2.551809 16.917660 1.736770
v -2.002896 17.027943 1.965198
v -1.371470 17.305557 1.311503
v -1.815131 17.229174 1.223601
v -0.917584 17.371731 1.310656
v -0.470908 17.425156 1.221089
v -0.048612 17.463776 1.046250
v 0.333075 17.486105 0.792854
v 0.659489 17.491291 0.470639
v 0.918088 17.479130 0.091990
v 1.098920 17.450089 -0.328548
v 1.195050 17.405287 -0.774808
v 1.202781 17.346443 -1.229638
v 1.121811 17.275822 -1.675565
v 0.955257 17.196133 -2.095451
v 0.709517 17.110443 -2.473157
v 0.394034 17.022041 -2.794174
v 0.020936 16.934328 -3.046165
v -0.395448 16.850672 -3.219434
v -0.839109 16.774288 -3.307336
v -1.292996 16.708115 -3.306489
v -1.739671 16.654690 -3.216923
v -2.161968 16.616070 -3.042084
v -2.543654 16.593740 -2.788688
v -2.870069 16.588554 -2.466472
v -3.128667 16.600716 -2.087823
v -3.309506 16.629755 -1.667289
v -3.405637 16.674557 -1.221030
v -3.413360 16.733402 -0.766195
v -3.332390 16.804024 -0.320268
v -3.165836 16.883713 0.099618
v -2.920100 16.969402 0.477332
v -2.604617 17.057804 0.798348
v -2.231515 17.145517 1.050332
v -1.815131 17.229174 1.223601
v -1.311727 17.407032 0.529301
v -1.609896 17.355698 0.470222
v -1.006680 17.451508 0.528727
v -0.706491 17.487411 0.468537
v -0.422676 17.513367 0.351030
v -0.166151 17.528374 0.180732
v 0.053215 17.531858 -0.035814
v 0.227009 17.523685 -0.290295
v 0.348545 17.504169 -0.572925
v 0.413150 17.474060 -0.872834
v 0.418341 17.434511 -1.178515
v 0.363933 17.387051 -1.478209
v 0.251990 17.333494 -1.760397
v 0.086837 17.275904 -2.014246
v -0.125184 17.216494 -2.229985
v -0.375935 17.157543 -2.399338
v -0.655773 17.101320 -2.515791
v -0.953936 17.049988 -2.574866
v -1.258982 17.005512 -2.574293
v -1.559179 16.969608 -2.514107
v -1.842987 16.943653 -2.396595
v -2.099512 16.928646 -2.226297
v -2.318878 16.925161 -2.009752
v -2.492672 16.933334 -1.755271
v -2.614207 16.952850 -1.472640
v -2.678813 16.982960 -1.172732
v -2.684004 17.022509 -0.867051
v -2.629595 17.069969 -0.567357
v -2.517653 17.123526 -0.285169
v -2.352499 17.181116 -0.031319
v -2.140478 17.240526 0.184420
v -1.889727 17.299477 0.353773
v -1.609896 17.355698 0.470222
vn 0.1311 -0.9647 0.2285
vn 0.1213 -0.9662 0.2275
vn 0.1328 -0.9752 0.1772
vn 0.1507 -0.9618 0.2284
vn 0.1423 -0.9737 0.1781
vn 0.1700 -0.9595 0.2245
vn 0.1518 -0.9724 0.1771
vn 0.1882 -0.9579 0.2170
vn 0.1610 -0.9714 0.1743
vn 0.2047 -0.9569 0.2061
vn 0.1695 -0.9708 0.1698
vn 0.2188 -0.9567 0.1921
vn 0.1770 -0.9705 0.1637
vn 0.2299 -0.9572 0.1758
vn 0.1832 -0.9706 0.1563
vn 0.2378 -0.9585 0.1576
vn 0.1879 -0.9710 0.1478
vn 0.2419 -0.9604 0.1383
vn 0.1908 -0.9718 0.1387
vn 0.2422 -0.9629 0.1187
vn 0.1919 -0.9729 0.1291
vn 0.2387 -0.9660 0.0994
vn 0.1911 -0.9743 0.1196
vn 0.2316 -0.9694 0.0813
vn 0.1885 -0.9758 0.1104
vn 0.2209 -0.9731 0.0650
vn 0.1841 -0.9776 0.1020
vn 0.2073 -0.9769 0.0511
vn 0.1782 -0.9794 0.0946
vn 0.1912 -0.9807 0.0403
vn 0.1709 -0.9813 0.0885
vn 0.1732 -0.9843 0.0328
vn 0.1626 -0.9831 0.0840
vn 0.1541 -0.9876 0.0290
vn 0.1535 -0.9848 0.0813
vn 0.1345 -0.9905 0.0290
vn 0.1440 -0.9863 0.0803
vn 0.1152 -0.9928 0.0329
vn 0.1344 -0.9876 0.0813
vn 0.0969 -0.9945 0.0404
vn 0.1252 -0.9886 0.0841
vn 0.0804 -0.9954 0.0514
vn 0.1167 -0.9892 0.0886
vn 0.0663 -0.9957 0.0653
vn 0.1092 -0.9895 0.0947
vn 0.0552 -0.9951 0.0816
vn 0.1030 -0.9894 0.1021
vn 0.0474 -0.9939 0.0998
vn 0.0984 -0.9890 0.1106
vn 0.0432 -0.9919 0.1191
vn 0.0954 -0.9882 0.1198
vn 0.0429 -0.9894 0.1387
vn 0.0943 -0.9871 0.1293
vn 0.0464 -0.9864 0.1580
vn 0.0951 -0.9857 0.1388
vn 0.0536 -0.9829 0.1761
vn 0.0977 -0.9841 0.1480
vn 0.0642 -0.9792 0.1924
vn 0.1021 -0.9824 0.1565
vn 0.0778 -0.9754 0.2063
vn 0.1080 -0.9806 0.1638
vn 0.0939 -0.9716 0.2172
vn 0.1153 -0.9787 0.1699
vn 0.1025 -0.9697 0.2218
vn 0.1237 -0.9769 0.1744
vn -0.1638 0.9860 -0.0299
vn -0.1541 0.9876 -0.0290
vn -0.1535 0.9848 -0.0813
vn -0.1345 0.9905 -0.0290
vn -0.1439 0.9863 -0.0803
vn -0.1152 0.9928 -0.0329
vn -0.1344 0.9876 -0.0813
vn -0.0969 0.9945 -0.0404
vn -0.1252 0.9886 -0.0841
vn -0.0804 0.9954 -0.0514
vn -0.1167 0.9892 -0.0886
vn -0.0663 0.9957 -0.0653
vn -0.1092 0.9895 -0.0947
vn -0.0552 0.9951 -0.0816
vn -0.1030 0.9894 -0.1021
vn -0.0474 0.9939 -0.0998
vn -0.0984 0.9890 -0.1106
vn -0.0432 0.9919 -0.1191
vn -0.0954 0.9882 -0.1198
vn -0.0429 0.9894 -0.1387
vn -0.0943 0.9871 -0.1293
vn -0.0464 0.9864 -0.1580
vn -0.0951 0.9857 -0.1388
vn -0.0536 0.9829 -0.1761
vn -0.0977 0.9841 -0.1480
vn -0.0642 0.9792 -0.1924
vn -0.1021 0.9824 -0.1565
vn -0.0778 0.9754 -0.2063
vn -0.1080 0.9806 -0.1638
vn -0.0939 0.9716 -0.2172
vn -0.1153 0.9787 -0.1699
vn -0.1119 0.9680 -0.2247
vn -0.1237 0.9769 -0.1744
vn -0.1311 0.9647 -0.2285
vn -0.1328 0.9752 -0.1772
vn -0.1507 0.9618 -0.2284
vn -0.1423 0.9737 -0.1781
vn -0.1700 0.9595 -0.2245
vn -0.1518 0.9724 -0.1771
vn -0.1882 0.9579 -0.2170
vn -0.1610 0.9714 -0.1743
vn -0.2047 0.9569 -0.2061
vn -0.1695 0.9708 -0.1698
vn -0.2188 0.9567 -0.1921
vn -0.1770 0.9705 -0.1637
vn -0.2299 0.9572 -0.1758
vn -0.1832 0.9706 -0.1563
vn -0.2378 0.9585 -0.1576
vn -0.1879 0.9710 -0.1478
vn -0.2419 0.9604 -0.1383
vn -0.1908 0.9718 -0.1387
vn -0.2422 0.9629 -0.1187
vn -0.1919 0.9729 -0.1291
vn -0.2387 0.9660 -0.0994
vn -0.1911 0.9743 -0.1196
vn -0.2316 0.9694 -0.0813
vn -0.1885 0.9758 -0.1104
vn -0.2209 0.9731 -0.0650
vn -0.1841 0.9776 -0.1020
vn -0.2073 0.9769 -0.0511
vn -0.1782 0.9794 -0.0946
vn -0.1912 0.9807 -0.0403
vn -0.1709 0.9813 -0.0885
vn -0.1826 0.9825 -0.0356
vn -0.1626 0.9831 -0.0840
vn 0.1179 -0.9393 0.3223
vn 0.0987 -0.9421 0.3204
vn 0.1563 -0.9337 0.3222
vn 0.1941 -0.9291 0.3146
vn 0.2299 -0.9259 0.2998
vn 0.2622 -0.9240 0.2784
vn 0.2898 -0.9236 0.2511
vn 0.3117 -0.9246 0.2191
vn 0.3270 -0.9270 0.1835
vn 0.3352 -0.9308 0.1457
vn 0.3358 -0.9358 0.1072
vn 0.3290 -0.9418 0.0695
vn 0.3149 -0.9485 0.0339
vn 0.2941 -0.9558 0.0020
vn 0.2674 -0.9633 -0.0252
vn 0.2358 -0.9707 -0.0465
vn 0.2005 -0.9778 -0.0612
vn 0.1630 -0.9842 -0.0687
vn 0.1246 -0.9898 -0.0686
vn 0.0868 -0.9944 -0.0610
vn 0.0510 -0.9976 -0.0462
vn 0.0187 -0.9995 -0.0248
vn -0.0089 -1.0000 0.0025
vn -0.0308 -0.9989 0.0346
vn -0.0461 -0.9965 0.0702
vn -0.0542 -0.9927 0.1079
vn -0.0549 -0.9877 0.1464
vn -0.0480 -0.9817 0.1842
vn -0.0339 -0.9750 0.2197
vn -0.0131 -0.9677 0.2517
vn 0.0136 -0.9602 0.2788
vn 0.0451 -0.9528 0.3002
vn 0.0620 -0.9490 0.3092
vn 0.1037 -0.9048 0.4130
vn 0.0752 -0.9090 0.4100
vn 0.1605 -0.8965 0.4129
vn 0.2165 -0.8898 0.4016
vn 0.2694 -0.8850 0.3797
vn 0.3172 -0.8822 0.3480
vn 0.3581 -0.8816 0.3076
vn 0.3904 -0.8831 0.2602
vn 0.4131 -0.8867 0.2075
vn 0.4251 -0.8923 0.1516
vn 0.4261 -0.8997 0.0947
vn 0.4160 -0.9086 0.0388
vn 0.3951 -0.9185 -0.0138
vn 0.3643 -0.9293 -0.0611
vn 0.3248 -0.9403 -0.1013
vn 0.2781 -0.9513 -0.1329
vn 0.2259 -0.9618 -0.1546
vn 0.1703 -0.9714 -0.1656
vn 0.1135 -0.9797 -0.1655
vn 0.0575 -0.9864 -0.1543
vn 0.0046 -0.9912 -0.1324
vn -0.0432 -0.9940 -0.1006
vn -0.0841 -0.9946 -0.0603
vn -0.1164 -0.9931 -0.0128
vn -0.1391 -0.9895 0.0398
vn -0.1511 -0.9839 0.0957
vn -0.1521 -0.9765 0.1527
vn -0.1420 -0.9676 0.2086
vn -0.1211 -0.9577 0.2612
vn -0.0903 -0.9469 0.3085
vn -0.0508 -0.9359 0.3487
vn -0.0041 -0.9249 0.3803
vn 0.0209 -0.9191 0.3935
vn 0.0884 -0.8617 0.4997
vn 0.0511 -0.8670 0.4957
vn 0.1631 -0.8508 0.4995
vn 0.2367 -0.8420 0.4848
vn 0.3062 -0.8356 0.4560
vn 0.3691 -0.8320 0.4143
vn 0.4228 -0.8311 0.3612
vn 0.4654 -0.8331 0.2989
vn 0.4952 -0.8379 0.2296
vn 0.5110 -0.8453 0.1561
vn 0.5123 -0.8550 0.0812
vn 0.4990 -0.8666 0.0078
vn 0.4715 -0.8797 -0.0613
vn 0.4311 -0.8938 -0.1235
vn 0.3791 -0.9084 -0.1764
vn 0.3177 -0.9228 -0.2179
vn 0.2491 -0.9366 -0.2464
vn 0.1761 -0.9492 -0.2609
vn 0.1013 -0.9601 -0.2608
vn 0.0278 -0.9689 -0.2460
vn -0.0418 -0.9752 -0.2172
vn -0.1046 -0.9789 -0.1755
vn -0.1584 -0.9798 -0.1224
vn -0.2010 -0.9778 -0.0601
vn -0.2307 -0.9730 0.0092
vn -0.2466 -0.9656 0.0826
vn -0.2478 -0.9559 0.1575
vn -0.2345 -0.9443 0.2310
vn -0.2071 -0.9312 0.3001
vn -0.1666 -0.9170 0.3623
vn -0.1147 -0.9025 0.4152
vn -0.0532 -0.8880 0.4567
vn -0.0204 -0.8803 0.4740
vn 0.0723 -0.8103 0.5816
vn 0.0264 -0.8167 0.5765
vn 0.1642 -0.7969 0.5814
vn 0.2546 -0.7861 0.5632
vn 0.3401 -0.7783 0.5278
vn 0.4174 -0.7737 0.4765
vn 0.4835 -0.7727 0.4113
vn 0.5359 -0.7751 0.3346
vn 0.5725 -0.7810 0.2495
vn 0.5920 -0.7901 0.1591
vn 0.5935 -0.8020 0.0670
vn 0.5771 -0.8163 -0.0233
vn 0.5434 -0.8324 -0.1083
vn 0.4937 -0.8498 -0.1848
vn 0.4298 -0.8677 -0.2498
vn 0.3542 -0.8855 -0.3008
vn 0.2699 -0.9024 -0.3359
vn 0.1801 -0.9179 -0.3537
vn 0.0882 -0.9313 -0.3535
vn -0.0023 -0.9421 -0.3354
vn -0.0878 -0.9499 -0.3000
vn -0.1651 -0.9544 -0.2487
vn -0.2311 -0.9555 -0.1834
vn -0.2835 -0.9530 -0.1068
vn -0.3201 -0.9471 -0.0216
vn -0.3396 -0.9381 0.0688
vn -0.3412 -0.9261 0.1609
vn -0.3248 -0.9118 0.2511
vn -0.2910 -0.8957 0.3362
vn -0.2413 -0.8784 0.4126
vn -0.1774 -0.8605 0.4776
vn -0.1018 -0.8427 0.5287
vn -0.0614 -0.8330 0.5498
vn 0.0555 -0.7511 0.6578
vn 0.0015 -0.7586 0.6516
vn 0.1637 -0.7354 0.6576
vn 0.2701 -0.7226 0.6363
vn 0.3708 -0.7134 0.5946
vn 0.4618 -0.7081 0.5342
vn 0.5396 -0.7069 0.4574
vn 0.6012 -0.7098 0.3672
vn 0.6443 -0.7167 0.2669
vn 0.6672 -0.7274 0.1606
vn 0.6691 -0.7414 0.0522
vn 0.6498 -0.7582 -0.0541
vn 0.6101 -0.7772 -0.1542
vn 0.5515 -0.7976 -0.2442
vn 0.4763 -0.8187 -0.3207
vn 0.3874 -0.8396 -0.3808
vn 0.2881 -0.8595 -0.4221
vn 0.1824 -0.8778 -0.4430
vn 0.0742 -0.8935 -0.4428
vn -0.0323 -0.9063 -0.4215
vn -0.1329 -0.9155 -0.3798
vn -0.2239 -0.9208 -0.3194
vn -0.3017 -0.9220 -0.2426
vn -0.3633 -0.9191 -0.1524
vn -0.4064 -0.9122 -0.0522
vn -0.4293 -0.9015 0.0542
vn -0.4312 -0.8875 0.1626
vn -0.4119 -0.8707 0.2689
vn -0.3722 -0.8517 0.3690
vn -0.3136 -0.8312 0.4590
vn -0.2384 -0.8102 0.5355
vn -0.1495 -0.7893 0.5956
vn -0.1018 -0.7778 0.6202
vn 0.0382 -0.6848 0.7278
vn -0.0234 -0.6932 0.7204
vn 0.1616 -0.6668 0.7275
vn 0.2830 -0.6522 0.7032
vn 0.3979 -0.6417 0.6556
vn 0.5017 -0.6357 0.5867
vn 0.5904 -0.6343 0.4991
vn 0.6607 -0.6376 0.3962
vn 0.7099 -0.6455 0.2818
vn 0.7360 -0.6577 0.1605
vn 0.7381 -0.6736 0.0368
vn 0.7161 -0.6929 -0.0844
vn 0.6708 -0.7145 -0.1986
vn 0.6040 -0.7378 -0.3013
vn 0.5182 -0.7619 -0.3886
vn 0.4168 -0.7857 -0.4571
vn 0.3036 -0.8085 -0.5042
vn 0.1829 -0.8292 -0.5281
vn 0.0595 -0.8472 -0.5279
vn -0.0619 -0.8617 -0.5036
vn -0.1768 -0.8722 -0.4560
vn -0.2805 -0.8783 -0.3871
vn -0.3693 -0.8797 -0.2995
vn -0.4396 -0.8764 -0.1965
vn -0.4888 -0.8685 -0.0822
vn -0.5149 -0.8563 0.0391
vn -0.5170 -0.8403 0.1628
vn -0.4950 -0.8211 0.2841
vn -0.4497 -0.7995 0.3982
vn -0.3829 -0.7762 0.5009
vn -0.2971 -0.7521 0.5882
vn -0.1957 -0.7283 0.6567
vn -0.1412 -0.7151 0.6846
vn 0.0205 -0.6119 0.7907
vn -0.0480 -0.6212 0.7821
vn 0.1580 -0.5918 0.7904
vn 0.2932 -0.5756 0.7633
vn 0.4211 -0.5639 0.7104
vn 0.5367 -0.5572 0.6336
vn 0.6356 -0.5556 0.5360
vn 0.7139 -0.5593 0.4214
vn 0.7687 -0.5681 0.2940
vn 0.7978 -0.5817 0.1589
vn 0.8001 -0.5995 0.0211
vn 0.7756 -0.6209 -0.1139
vn 0.7252 -0.6450 -0.2411
vn 0.6507 -0.6709 -0.3555
vn 0.5552 -0.6977 -0.4527
vn 0.4422 -0.7243 -0.5290
vn 0.3161 -0.7496 -0.5815
vn 0.1817 -0.7728 -0.6081
vn 0.0443 -0.7928 -0.6079
vn -0.0910 -0.8090 -0.5808
vn -0.2189 -0.8207 -0.5278
vn -0.3345 -0.8274 -0.4511
vn -0.4334 -0.8290 -0.3535
vn -0.5117 -0.8253 -0.2388
vn -0.5665 -0.8165 -0.1114
vn -0.5956 -0.8030 0.0237
vn -0.5979 -0.7851 0.1615
vn -0.5734 -0.7637 0.2965
vn -0.5229 -0.7396 0.4237
vn -0.4485 -0.7137 0.5381
vn -0.3530 -0.6869 0.6353
vn -0.2400 -0.6603 0.7116
vn -0.1792 -0.6457 0.7423
vn 0.0026 -0.5331 0.8461
vn -0.0721 -0.5434 0.8364
vn 0.1528 -0.5112 0.8458
vn 0.3006 -0.4935 0.8161
vn 0.4403 -0.4807 0.7583
vn 0.5666 -0.4734 0.6744
vn 0.6746 -0.4716 0.5678
vn 0.7602 -0.4757 0.4425
vn 0.8200 -0.4853 0.3034
vn 0.8519 -0.5001 0.1557
vn 0.8544 -0.5196 0.0052
vn 0.8276 -0.5429 -0.1423
vn 0.7725 -0.5693 -0.2813
vn 0.6912 -0.5977 -0.4063
vn 0.5868 -0.6269 -0.5125
vn 0.4634 -0.6559 -0.5959
vn 0.3256 -0.6836 -0.6532
vn 0.1788 -0.7089 -0.6823
vn 0.0286 -0.7308 -0.6820
vn -0.1192 -0.7485 -0.6524
vn -0.2590 -0.7612 -0.5945
vn -0.3853 -0.7686 -0.5107
vn -0.4933 -0.7703 -0.4041
vn -0.5788 -0.7663 -0.2788
vn -0.6387 -0.7567 -0.1396
vn -0.6705 -0.7419 0.0081
vn -0.6730 -0.7224 0.1586
vn -0.6462 -0.6990 0.3061
vn -0.5911 -0.6727 0.4450
vn -0.5098 -0.6443 0.5700
vn -0.4054 -0.6151 0.6763
vn -0.2820 -0.5860 0.7596
vn -0.2154 -0.5701 0.7929
vn -0.0153 -0.4492 0.8933
vn -0.0956 -0.4605 0.8825
vn 0.1462 -0.4257 0.8930
vn 0.3051 -0.4067 0.8611
vn 0.4553 -0.3929 0.7989
vn 0.5911 -0.3850 0.7088
vn 0.7072 -0.3832 0.5941
vn 0.7992 -0.3875 0.4594
vn 0.8636 -0.3978 0.3098
vn 0.8978 -0.4138 0.1511
vn 0.9005 -0.4347 -0.0107
vn 0.8717 -0.4598 -0.1694
vn 0.8125 -0.4882 -0.3188
vn 0.7250 -0.5186 -0.4531
vn 0.6128 -0.5501 -0.5673
vn 0.4801 -0.5813 -0.6570
vn 0.3319 -0.6111 -0.7186
vn 0.1741 -0.6382 -0.7499
vn 0.0126 -0.6618 -0.7496
vn -0.1463 -0.6808 -0.7177
vn -0.2965 -0.6945 -0.6555
vn -0.4323 -0.7025 -0.5654
vn -0.5484 -0.7043 -0.4508
vn -0.6404 -0.7000 -0.3160
vn -0.7048 -0.6897 -0.1664
vn -0.7390 -0.6737 -0.0077
vn -0.7417 -0.6528 0.1541
vn -0.7129 -0.6277 0.3128
vn -0.6536 -0.5993 0.4621
vn -0.5662 -0.5688 0.5965
vn -0.4540 -0.5374 0.7107
vn -0.3213 -0.5062 0.8004
vn -0.2495 -0.4891 0.8358
vn -0.0330 -0.3611 0.9319
vn -0.1181 -0.3732 0.9202
vn 0.1382 -0.3361 0.9316
vn 0.3067 -0.3160 0.8978
vn 0.4659 -0.3014 0.8319
vn 0.6099 -0.2930 0.7363
vn 0.7331 -0.2910 0.6148
vn 0.8306 -0.2956 0.4719
vn 0.8988 -0.3066 0.3133
vn 0.9351 -0.3235 0.1450
vn 0.9380 -0.3457 -0.0266
vn 0.9074 -0.3723 -0.1948
vn 0.8446 -0.4024 -0.3532
vn 0.7519 -0.4347 -0.4956
vn 0.6329 -0.4680 -0.6167
vn 0.4922 -0.5011 -0.7118
vn 0.3351 -0.5327 -0.7771
vn 0.1678 -0.5615 -0.8103
vn -0.0034 -0.5864 -0.8100
vn -0.1719 -0.6066 -0.7762
vn -0.3312 -0.6212 -0.7102
vn -0.4752 -0.6296 -0.6147
vn -0.5983 -0.6315 -0.4931
vn -0.6959 -0.6270 -0.3503
vn -0.7641 -0.6160 -0.1917
vn -0.8003 -0.5991 -0.0233
vn -0.8033 -0.5769 0.1482
vn -0.7727 -0.5503 0.3164
vn -0.7099 -0.5202 0.4748
vn -0.6172 -0.4879 0.6173
vn -0.4982 -0.4545 0.7384
vn -0.3574 -0.4215 0.8334
vn -0.2812 -0.4036 0.8706
vn -0.0505 -0.2695 0.9617
vn -0.1394 -0.2825 0.9491
vn 0.1288 -0.2433 0.9613
vn 0.3053 -0.2222 0.9260
vn 0.4721 -0.2070 0.8569
vn 0.6229 -0.1982 0.7568
vn 0.7518 -0.1961 0.6295
vn 0.8540 -0.2009 0.4799
vn 0.9254 -0.2124 0.3138
vn 0.9634 -0.2301 0.1375
vn 0.9665 -0.2533 -0.0422
vn 0.9345 -0.2812 -0.2183
vn 0.8687 -0.3127 -0.3842
vn 0.7716 -0.3466 -0.5334
vn 0.6470 -0.3815 -0.6602
vn 0.4996 -0.4161 -0.7598
vn 0.3351 -0.4492 -0.8282
vn 0.1598 -0.4794 -0.8629
vn -0.0195 -0.5055 -0.8626
vn -0.1959 -0.5266 -0.8272
vn -0.3627 -0.5419 -0.7582
vn -0.5135 -0.5507 -0.6581
vn -0.6425 -0.5527 -0.5308
vn -0.7446 -0.5479 -0.3812
vn -0.8161 -0.5365 -0.2151
vn -0.8540 -0.5188 -0.0388
vn -0.8571 -0.4955 0.1409
vn -0.8251 -0.4676 0.3171
vn -0.7593 -0.4361 0.4829
vn -0.6622 -0.4023 0.6321
vn -0.5376 -0.3674 0.7590
vn -0.3902 -0.3327 0.8585
vn -0.3102 -0.3143 0.8972
vn -0.0674 -0.1753 0.9822
vn -0.1594 -0.1892 0.9689
vn 0.1183 -0.1483 0.9819
vn 0.3010 -0.1264 0.9452
vn 0.4737 -0.1106 0.8737
vn 0.6299 -0.1015 0.7700
vn 0.7634 -0.0993 0.6382
vn 0.8692 -0.1043 0.4833
vn 0.9432 -0.1162 0.3113
vn 0.9825 -0.1345 0.1287
vn 0.9857 -0.1586 -0.0573
vn 0.9526 -0.1875 -0.2398
vn 0.8844 -0.2201 -0.4115
vn 0.7839 -0.2551 -0.5661
vn 0.6548 -0.2913 -0.6974
vn 0.5022 -0.3272 -0.8005
vn 0.3319 -0.3614 -0.8713
vn 0.1504 -0.3927 -0.9073
vn -0.0353 -0.4197 -0.9070
vn -0.2180 -0.4416 -0.8703
vn -0.3908 -0.4574 -0.7988
vn -0.5469 -0.4665 -0.6951
vn -0.6805 -0.4686 -0.5633
vn -0.7863 -0.4637 -0.4084
vn -0.8602 -0.4518 -0.2364
vn -0.8996 -0.4335 -0.0538
vn -0.9027 -0.4094 0.1322
vn -0.8696 -0.3805 0.3147
vn -0.8015 -0.3479 0.4864
vn -0.7009 -0.3128 0.6409
vn -0.5719 -0.2767 0.7723
vn -0.4192 -0.2408 0.8754
vn -0.3362 -0.2221 0.9152
vn -0.0837 -0.0795 0.9933
vn -0.1779 -0.0941 0.9795
vn 0.1066 -0.0517 0.9930
vn 0.2938 -0.0294 0.9554
vn 0.4708 -0.0132 0.8821
vn 0.6309 -0.0038 0.7759
vn 0.7677 -0.0016 0.6408
vn 0.8761 -0.0067 0.4821
vn 0.9519 -0.0189 0.3058
vn 0.9922 -0.0377 0.1187
vn 0.9955 -0.0623 -0.0720
vn 0.9615 -0.0920 -0.2589
vn 0.8917 -0.1254 -0.4349
vn 0.7887 -0.1613 -0.5933
vn 0.6564 -0.1983 -0.7279
vn 0.5000 -0.2351 -0.8335
vn 0.3254 -0.2702 -0.9061
vn 0.1395 -0.3022 -0.9430
vn -0.0508 -0.3299 -0.9426
vn -0.2381 -0.3523 -0.9051
vn -0.4151 -0.3685 -0.8318
vn -0.5751 -0.3779 -0.7256
vn -0.7120 -0.3801 -0.5905
vn -0.8204 -0.3750 -0.4317
vn -0.8962 -0.3628 -0.2554
vn -0.9365 -0.3440 -0.0684
vn -0.9397 -0.3193 0.1223
vn -0.9058 -0.2897 0.3092
vn -0.8359 -0.2563 0.4853
vn -0.7329 -0.2204 0.6436
vn -0.6007 -0.1834 0.7782
vn -0.4443 -0.1466 0.8838
vn -0.3590 -0.1279 0.9245
vn -0.0992 0.0171 0.9949
vn -0.1946 0.0018 0.9809
vn 0.0938 0.0452 0.9946
vn 0.2838 0.0680 0.9565
vn 0.4634 0.0844 0.8821
vn 0.6258 0.0939 0.7743
vn 0.7646 0.0961 0.6373
vn 0.8746 0.0909 0.4762
vn 0.9515 0.0786 0.2973
vn 0.9924 0.0595 0.1075
vn 0.9957 0.0345 -0.0859
vn 0.9613 0.0045 -0.2756
vn 0.8904 -0.0294 -0.4542
vn 0.7859 -0.0659 -0.6148
vn 0.6517 -0.1035 -0.7514
vn 0.4930 -0.1408 -0.8585
vn 0.3159 -0.1764 -0.9322
vn 0.1272 -0.2089 -0.9696
vn -0.0658 -0.2370 -0.9693
vn -0.2558 -0.2597 -0.9312
vn -0.4354 -0.2762 -0.8568
vn -0.5978 -0.2857 -0.7490
vn -0.7366 -0.2879 -0.6120
vn -0.8466 -0.2827 -0.4509
vn -0.9235 -0.2703 -0.2721
vn -0.9644 -0.2513 -0.0823
vn -0.9677 -0.2263 0.1112
vn -0.9333 -0.1962 0.3009
vn -0.8624 -0.1623 0.4795
vn -0.7579 -0.1259 0.6401
vn -0.6237 -0.0883 0.7767
vn -0.4650 -0.0510 0.8838
vn -0.3784 -0.0324 0.9251
vn -0.1138 0.1135 0.9870
vn -0.2096 0.0977 0.9729
vn 0.0802 0.1418 0.9866
vn 0.2711 0.1646 0.9484
vn 0.4516 0.1811 0.8736
vn 0.6147 0.1907 0.7653
vn 0.7542 0.1929 0.6276
vn 0.8647 0.1877 0.4658
vn 0.9420 0.1753 0.2861
vn 0.9831 0.1561 0.0954
vn 0.9864 0.1310 -0.0990
vn 0.9518 0.1008 -0.2896
vn 0.8806 0.0668 -0.4691
vn 0.7756 0.0301 -0.6305
vn 0.6408 -0.0076 -0.7677
vn 0.4813 -0.0451 -0.8754
vn 0.3034 -0.0809 -0.9494
vn 0.1138 -0.1135 -0.9870
vn -0.0802 -0.1418 -0.9866
vn -0.2711 -0.1646 -0.9484
vn -0.4516 -0.1811 -0.8736
vn -0.6147 -0.1907 -0.7653
vn -0.7542 -0.1929 -0.6276
vn -0.8647 -0.1877 -0.4658
vn -0.9420 -0.1753 -0.2861
vn -0.9831 -0.1561 -0.0954
vn -0.9864 -0.1310 0.0990
vn -0.9518 -0.1008 0.2896
vn -0.8806 -0.0668 0.4691
vn -0.7756 -0.0301 0.6305
vn -0.6408 0.0076 0.7677
vn -0.4813 0.0451 0.8754
vn -0.3942 0.0633 0.9168
vn -0.1272 0.2089 0.9696
vn -0.2225 0.1926 0.9557
vn 0.0658 0.2370 0.9693
vn 0.2558 0.2597 0.9312
vn 0.4354 0.2762 0.8568
vn 0.5978 0.2857 0.7490
vn 0.7366 0.2879 0.6120
vn 0.8466 0.2827 0.4509
vn 0.9235 0.2703 0.2721
vn 0.9644 0.2513 0.0823
vn 0.9677 0.2263 -0.1112
vn 0.9333 0.1962 -0.3009
vn 0.8624 0.1623 -0.4795
vn 0.7579 0.1259 -0.6401
vn 0.6237 0.0883 -0.7767
vn 0.4650 0.0510 -0.8838
vn 0.2879 0.0154 -0.9575
vn 0.0992 -0.0171 -0.9949
vn -0.0938 -0.0452 -0.9946
vn -0.2838 -0.0680 -0.9565
vn -0.4634 -0.0844 -0.8821
vn -0.6258 -0.0939 -0.7743
vn -0.7646 -0.0961 -0.6373
vn -0.8746 -0.0909 -0.4762
vn -0.9515 -0.0786 -0.2974
vn -0.9924 -0.0595 -0.1075
vn -0.9957 -0.0345 0.0859
vn -0.9613 -0.0045 0.2756
vn -0.8904 0.0294 0.4542
vn -0.7859 0.0659 0.6148
vn -0.6517 0.1035 0.7514
vn -0.4930 0.1408 0.8585
vn -0.4063 0.1584 0.8999
vn -0.1395 0.3022 0.9430
vn -0.2334 0.2858 0.9294
vn 0.0508 0.3299 0.9426
vn 0.2381 0.3523 0.9051
vn 0.4151 0.3685 0.8318
vn 0.5751 0.3779 0.7256
vn 0.7120 0.3801 0.5905
vn 0.8204 0.3750 0.4317
vn 0.8962 0.3628 0.2554
vn 0.9365 0.3440 0.0684
vn 0.9397 0.3193 -0.1223
vn 0.9058 0.2897 -0.3092
vn 0.8359 0.2563 -0.4853
vn 0.7329 0.2204 -0.6436
vn 0.6007 0.1834 -0.7782
vn 0.4443 0.1466 -0.8838
vn 0.2697 0.1115 -0.9565
vn 0.0837 0.0795 -0.9933
vn -0.1066 0.0517 -0.9930
vn -0.2938 0.0294 -0.9554
vn -0.4709 0.0132 -0.8821
vn -0.6309 0.0038 -0.7759
vn -0.7677 0.0016 -0.6408
vn -0.8761 0.0067 -0.4821
vn -0.9519 0.0189 -0.3058
vn -0.9922 0.0377 -0.1187
vn -0.9955 0.0623 0.0720
vn -0.9615 0.0920 0.2589
vn -0.8917 0.1254 0.4349
vn -0.7887 0.1613 0.5933
vn -0.6564 0.1983 0.7279
vn -0.5000 0.2351 0.8335
vn -0.4145 0.2521 0.8744
vn -0.1504 0.3927 0.9073
vn -0.2420 0.3763 0.8944
vn 0.0353 0.4197 0.9070
vn 0.2180 0.4416 0.8703
vn 0.3908 0.4574 0.7988
vn 0.5469 0.4665 0.6951
vn 0.6805 0.4686 0.5633
vn 0.7863 0.4637 0.4084
vn 0.8602 0.4518 0.2364
vn 0.8996 0.4335 0.0538
vn 0.9027 0.4094 -0.1322
vn 0.8696 0.3805 -0.3147
vn 0.8015 0.3479 -0.4864
vn 0.7009 0.3128 -0.6409
vn 0.5719 0.2767 -0.7723
vn 0.4192 0.2408 -0.8754
vn 0.2489 0.2066 -0.9462
vn 0.0674 0.1753 -0.9822
vn -0.1183 0.1483 -0.9819
vn -0.3010 0.1264 -0.9452
vn -0.4737 0.1106 -0.8737
vn -0.6299 0.1015 -0.7700
vn -0.7634 0.0993 -0.6382
vn -0.8692 0.1043 -0.4833
vn -0.9432 0.1162 -0.3113
vn -0.9825 0.1345 -0.1287
vn -0.9857 0.1586 0.0573
vn -0.9526 0.1875 0.2398
vn -0.8844 0.2201 0.4115
vn -0.7839 0.2551 0.5661
vn -0.6548 0.2913 0.6974
vn -0.5022 0.3272 0.8005
vn -0.4188 0.3434 0.8407
vn -0.1598 0.4794 0.8629
vn -0.2483 0.4632 0.8507
vn 0.0195 0.5055 0.8626
vn 0.1959 0.5266 0.8272
vn 0.3627 0.5419 0.7582
vn 0.5135 0.5507 0.6581
vn 0.6425 0.5527 0.5308
vn 0.7446 0.5479 0.3812
vn 0.8161 0.5365 0.2151
vn 0.8540 0.5188 0.0388
vn 0.8571 0.4955 -0.1409
vn 0.8251 0.4676 -0.3171
vn 0.7593 0.4361 -0.4829
vn 0.6622 0.4023 -0.6321
vn 0.5376 0.3674 -0.7590
vn 0.3902 0.3327 -0.8585
vn 0.2257 0.2997 -0.9270
vn 0.0505 0.2695 -0.9617
vn -0.1288 0.2433 -0.9613
vn -0.3053 0.2222 -0.9260
vn -0.4721 0.2070 -0.8569
vn -0.6229 0.1982 -0.7568
vn -0.7518 0.1961 -0.6295
vn -0.8540 0.2009 -0.4799
vn -0.9254 0.2124 -0.3138
vn -0.9634 0.2301 -0.1375
vn -0.9665 0.2533 0.0422
vn -0.9345 0.2812 0.2183
vn -0.8687 0.3127 0.3842
vn -0.7716 0.3466 0.5334
vn -0.6470 0.3815 0.6602
vn -0.4996 0.4161 0.7598
vn -0.4191 0.4314 0.7989
vn -0.1678 0.5615 0.8103
vn -0.2523 0.5458 0.7990
vn 0.0034 0.5864 0.8100
vn 0.1719 0.6066 0.7762
vn 0.3312 0.6212 0.7102
vn 0.4752 0.6296 0.6147
vn 0.5983 0.6315 0.4931
vn 0.6959 0.6270 0.3503
vn 0.7641 0.6160 0.1917
vn 0.8003 0.5991 0.0233
vn 0.8032 0.5769 -0.1482
vn 0.7727 0.5503 -0.3164
vn 0.7099 0.5202 -0.4748
vn 0.6172 0.4879 -0.6173
vn 0.4982 0.4545 -0.7384
vn 0.3575 0.4215 -0.8334
vn 0.2004 0.3899 -0.8988
vn 0.0330 0.3611 -0.9319
vn -0.1382 0.3361 -0.9316
vn -0.3067 0.3160 -0.8978
vn -0.4659 0.3014 -0.8319
vn -0.6099 0.2930 -0.7363
vn -0.7331 0.2910 -0.6148
vn -0.8306 0.2956 -0.4719
vn -0.8988 0.3066 -0.3133
vn -0.9351 0.3235 -0.1450
vn -0.9380 0.3457 0.0266
vn -0.9074 0.3723 0.1948
vn -0.8446 0.4024 0.3532
vn -0.7519 0.4347 0.4956
vn -0.6329 0.4680 0.6167
vn -0.4922 0.5011 0.7118
vn -0.4154 0.5155 0.7495
vn -0.1741 0.6382 0.7499
vn -0.2539 0.6233 0.7396
vn -0.0126 0.6618 0.7496
vn 0.1463 0.6808 0.7177
vn 0.2965 0.6945 0.6555
vn 0.4323 0.7025 0.5654
vn 0.5484 0.7043 0.4508
vn 0.6404 0.7000 0.3160
vn 0.7048 0.6897 0.1664
vn 0.7390 0.6737 0.0077
vn 0.7417 0.6528 -0.1541
vn 0.7129 0.6277 -0.3128
vn 0.6536 0.5993 -0.4621
vn 0.5662 0.5688 -0.5965
vn 0.4540 0.5374 -0.7107
vn 0.3213 0.5062 -0.8004
vn 0.1731 0.4764 -0.8620
vn 0.0153 0.4492 -0.8933
vn -0.1462 0.4257 -0.8930
vn -0.3051 0.4067 -0.8611
vn -0.4553 0.3929 -0.7989
vn -0.5911 0.3850 -0.7088
vn -0.7072 0.3832 -0.5941
vn -0.7992 0.3875 -0.4594
vn -0.8636 0.3978 -0.3098
vn -0.8978 0.4138 -0.1511
vn -0.9005 0.4347 0.0107
vn -0.8717 0.4598 0.1694
vn -0.8125 0.4882 0.3188
vn -0.7250 0.5186 0.4531
vn -0.6128 0.5501 0.5673
vn -0.4801 0.5813 0.6570
vn -0.4078 0.5947 0.6928
vn -0.1788 0.7089 0.6823
vn -0.2530 0.6950 0.6731
vn -0.0286 0.7308 0.6820
vn 0.1192 0.7485 0.6524
vn 0.2590 0.7612 0.5945
vn 0.3853 0.7686 0.5107
vn 0.4933 0.7703 0.4041
vn 0.5788 0.7663 0.2788
vn 0.6387 0.7567 0.1396
vn 0.6705 0.7419 -0.0081
vn 0.6730 0.7224 -0.1586
vn 0.6462 0.6990 -0.3061
vn 0.5911 0.6727 -0.4450
vn 0.5098 0.6443 -0.5700
vn 0.4054 0.6151 -0.6763
vn 0.2820 0.5860 -0.7596
vn 0.1442 0.5584 -0.8170
vn -0.0026 0.5331 -0.8461
vn -0.1528 0.5112 -0.8458
vn -0.3006 0.4935 -0.8161
vn -0.4403 0.4807 -0.7583
vn -0.5666 0.4734 -0.6744
vn -0.6746 0.4716 -0.5678
vn -0.7602 0.4757 -0.4425
vn -0.8201 0.4853 -0.3034
vn -0.8519 0.5001 -0.1557
vn -0.8544 0.5196 -0.0052
vn -0.8276 0.5429 0.1423
vn -0.7725 0.5693 0.2813
vn -0.6912 0.5977 0.4063
vn -0.5868 0.6269 0.5125
vn -0.4633 0.6559 0.5959
vn -0.3963 0.6683 0.6296
vn -0.1817 0.7728 0.6081
vn -0.2497 0.7600 0.6000
vn -0.0443 0.7928 0.6079
vn 0.0910 0.8090 0.5808
vn 0.2189 0.8207 0.5278
vn 0.3345 0.8274 0.4511
vn 0.4334 0.8290 0.3535
vn 0.5117 0.8253 0.2388
vn 0.5665 0.8165 0.1114
vn 0.5956 0.8030 -0.0237
vn 0.5979 0.7851 -0.1615
vn 0.5734 0.7637 -0.2965
vn 0.5229 0.7396 -0.4237
vn 0.4485 0.7137 -0.5381
vn 0.3530 0.6869 -0.6353
vn 0.2400 0.6603 -0.7116
vn 0.1139 0.6350 -0.7641
vn -0.0205 0.6119 -0.7907
vn -0.1580 0.5918 -0.7904
vn -0.2932 0.5756 -0.7633
vn -0.4211 0.5639 -0.7104
vn -0.5367 0.5572 -0.6336
vn -0.6356 0.5556 -0.5360
vn -0.7139 0.5593 -0.4214
vn -0.7687 0.5681 -0.2940
vn -0.7978 0.5817 -0.1589
vn -0.8001 0.5995 -0.0211
vn -0.7756 0.6209 0.1139
vn -0.7252 0.6450 0.2411
vn -0.6507 0.6709 0.3555
vn -0.5552 0.6977 0.4527
vn -0.4422 0.7243 0.5290
vn -0.3809 0.7356 0.5602
vn -0.1829 0.8292 0.5281
vn -0.2441 0.8178 0.5211
vn -0.0595 0.8472 0.5279
vn 0.0619 0.8617 0.5035
vn 0.1768 0.8722 0.4560
vn 0.2805 0.8783 0.3871
vn 0.3693 0.8797 0.2995
vn 0.4396 0.8764 0.1965
vn 0.4888 0.8685 0.0822
vn 0.5149 0.8563 -0.0391
vn 0.5170 0.8403 -0.1628
vn 0.4950 0.8211 -0.2841
vn 0.4497 0.7995 -0.3982
vn 0.3829 0.7762 -0.5009
vn 0.2971 0.7521 -0.5882
vn 0.1957 0.7283 -0.6567
vn 0.0825 0.7055 -0.7039
vn -0.0382 0.6848 -0.7278
vn -0.1616 0.6668 -0.7275
vn -0.2830 0.6522 -0.7032
vn -0.3979 0.6417 -0.6556
vn -0.5017 0.6357 -0.5867
vn -0.5904 0.6343 -0.4991
vn -0.6607 0.6376 -0.3962
vn -0.7099 0.6455 -0.2818
vn -0.7360 0.6577 -0.1605
vn -0.7381 0.6737 -0.0368
vn -0.7161 0.6929 0.0844
vn -0.6708 0.7145 0.1986
vn -0.6040 0.7378 0.3013
vn -0.5182 0.7619 0.3886
vn -0.4168 0.7857 0.4571
vn -0.3619 0.7959 0.4854
vn -0.1824 0.8778 0.4430
vn -0.2360 0.8679 0.4371
vn -0.0742 0.8935 0.4428
vn 0.0323 0.9063 0.4215
vn 0.1329 0.9155 0.3798
vn 0.2239 0.9208 0.3194
vn 0.3017 0.9220 0.2426
vn 0.3633 0.9191 0.1524
vn 0.4064 0.9122 0.0522
vn 0.4293 0.9015 -0.0542
vn 0.4312 0.8875 -0.1626
vn 0.4119 0.8707 -0.2689
vn 0.3722 0.8517 -0.3690
vn 0.3136 0.8312 -0.4590
vn 0.2384 0.8102 -0.5355
vn 0.1495 0.7893 -0.5956
vn 0.0502 0.7693 -0.6369
vn -0.0555 0.7511 -0.6578
vn -0.1637 0.7354 -0.6576
vn -0.2701 0.7226 -0.6363
vn -0.3708 0.7134 -0.5946
vn -0.4618 0.7081 -0.5342
vn -0.5396 0.7069 -0.4574
vn -0.6012 0.7098 -0.3672
vn -0.6443 0.7167 -0.2669
vn -0.6672 0.7274 -0.1606
vn -0.6691 0.7414 -0.0522
vn -0.6498 0.7582 0.0541
vn -0.6101 0.7772 0.1542
vn -0.5515 0.7976 0.2442
vn -0.4763 0.8187 0.3207
vn -0.3874 0.8396 0.3808
vn -0.3394 0.8486 0.4058
vn -0.1801 0.9179 0.3537
vn -0.2257 0.9096 0.3489
vn -0.0882 0.9313 0.3535
vn 0.0023 0.9421 0.3354
vn 0.0878 0.9499 0.3000
vn 0.1651 0.9544 0.2487
vn 0.2311 0.9555 0.1834
vn 0.2835 0.9530 0.1068
vn 0.3201 0.9471 0.0216
vn 0.3396 0.9381 -0.0688
vn 0.3412 0.9261 -0.1609
vn 0.3248 0.9118 -0.2511
vn 0.2910 0.8957 -0.3362
vn 0.2413 0.8784 -0.4126
vn 0.1774 0.8605 -0.4776
vn 0.1018 0.8427 -0.5287
vn 0.0175 0.8258 -0.5638
vn -0.0723 0.8103 -0.5816
vn -0.1642 0.7969 -0.5814
vn -0.2546 0.7861 -0.5632
vn -0.3401 0.7783 -0.5278
vn -0.4174 0.7737 -0.4765
vn -0.4835 0.7727 -0.4113
vn -0.5359 0.7751 -0.3346
vn -0.5725 0.7810 -0.2495
vn -0.5920 0.7901 -0.1591
vn -0.5935 0.8020 -0.0670
vn -0.5771 0.8163 0.0233
vn -0.5434 0.8324 0.1083
vn -0.4937 0.8498 0.1848
vn -0.4298 0.8677 0.2498
vn -0.3542 0.8855 0.3008
vn -0.3135 0.8932 0.3222
vn -0.1761 0.9492 0.2609
vn -0.2132 0.9426 0.2571
vn -0.1013 0.9601 0.2608
vn -0.0278 0.9689 0.2460
vn 0.0418 0.9752 0.2172
vn 0.1046 0.9789 0.1755
vn 0.1584 0.9798 0.1224
vn 0.2010 0.9778 0.0601
vn 0.2307 0.9730 -0.0092
vn 0.2466 0.9656 -0.0826
vn 0.2478 0.9559 -0.1575
vn 0.2345 0.9443 -0.2310
vn 0.2071 0.9312 -0.3001
vn 0.1666 0.9170 -0.3623
vn 0.1147 0.9025 -0.4152
vn 0.0532 0.8880 -0.4567
vn -0.0153 0.8743 -0.4852
vn -0.0884 0.8617 -0.4997
vn -0.1631 0.8508 -0.4995
vn -0.2367 0.8420 -0.4848
vn -0.3062 0.8356 -0.4560
vn -0.3691 0.8320 -0.4143
vn -0.4228 0.8311 -0.3612
vn -0.4654 0.8331 -0.2989
vn -0.4952 0.8379 -0.2296
vn -0.5110 0.8453 -0.1561
vn -0.5123 0.8550 -0.0812
vn -0.4990 0.8666 -0.0078
vn -0.4715 0.8797 0.0613
vn -0.4311 0.8938 0.1235
vn -0.3791 0.9084 0.1764
vn -0.3177 0.9228 0.2179
vn -0.2847 0.9293 0.2354
vn -0.1703 0.9714 0.1656
vn -0.1986 0.9665 0.1628
vn -0.1135 0.9797 0.1655
vn -0.0575 0.9864 0.1543
vn -0.0046 0.9912 0.1324
vn 0.0432 0.9940 0.1006
vn 0.0841 0.9946 0.0603
vn 0.1164 0.9931 0.0128
vn 0.1391 0.9895 -0.0398
vn 0.1511 0.9839 -0.0957
vn 0.1521 0.9765 -0.1527
vn 0.1420 0.9676 -0.2086
vn 0.1211 0.9577 -0.2612
vn 0.0903 0.9469 -0.3085
vn 0.0508 0.9359 -0.3487
vn 0.0041 0.9249 -0.3803
vn -0.0481 0.9144 -0.4020
vn -0.1037 0.9048 -0.4130
vn -0.1605 0.8965 -0.4129
vn -0.2165 0.8898 -0.4016
vn -0.2694 0.8850 -0.3797
vn -0.3172 0.8822 -0.3480
vn -0.3581 0.8816 -0.3076
vn -0.3904 0.8831 -0.2602
vn -0.4131 0.8867 -0.2075
vn -0.4251 0.8923 -0.1516
vn -0.4261 0.8997 -0.0947
vn -0.4160 0.9086 -0.0388
vn -0.3951 0.9185 0.0138
vn -0.3643 0.9293 0.0611
vn -0.3248 0.9403 0.1013
vn -0.2781 0.9513 0.1329
vn -0.2530 0.9563 0.1463
vn -0.1630 0.9842 0.0687
vn -0.1821 0.9810 0.0668
vn -0.1246 0.9898 0.0686
vn -0.0868 0.9944 0.0610
vn -0.0510 0.9976 0.0462
vn -0.0187 0.9995 0.0248
vn 0.0089 1.0000 -0.0025
vn 0.0308 0.9989 -0.0346
vn 0.0461 0.9965 -0.0702
vn 0.0542 0.9927 -0.1079
vn 0.0549 0.9877 -0.1464
vn 0.0480 0.9817 -0.1842
vn 0.0339 0.9750 -0.2197
vn 0.0131 0.9677 -0.2517
vn -0.0136 0.9602 -0.2788
vn -0.0451 0.9528 -0.3002
vn -0.0804 0.9457 -0.3148
vn -0.1179 0.9393 -0.3223
vn -0.1563 0.9337 -0.3222
vn -0.1942 0.9291 -0.3146
vn -0.2299 0.9259 -0.2998
vn -0.2622 0.9240 -0.2784
vn -0.2898 0.9236 -0.2511
vn -0.3117 0.9246 -0.2191
vn -0.3270 0.9270 -0.1835
vn -0.3352 0.9308 -0.1457
vn -0.3358 0.9358 -0.1072
vn -0.3290 0.9418 -0.0695
vn -0.3149 0.9485 -0.0339
vn -0.2941 0.9558 -0.0020
vn -0.2674 0.9633 0.0252
vn -0.2358 0.9707 0.0465
vn -0.2189 0.9742 0.0556
vt 0.031250 0.968750
vt 0.000000 0.968750
vt 0.015625 1.000000
vt 0.062500 0.968750
vt 0.046875 1.000000
vt 0.093750 0.968750
vt 0.078125 1.000000
vt 0.125000 0.968750
vt 0.109375 1.000000
vt 0.156250 0.968750
vt 0.140625 1.000000
vt 0.187500 0.968750
vt 0.171875 1.000000
vt 0.218750 0.968750
vt 0.203125 1.000000
vt 0.250000 0.968750
vt 0.234375 1.000000
vt 0.281250 0.968750
vt 0.265625 1.000000
vt 0.312500 0.968750
vt 0.296875 1.000000
vt 0.343750 0.968750
vt 0.328125 1.000000
vt 0.375000 0.968750
vt 0.359375 1.000000
vt 0.406250 0.968750
vt 0.390625 1.000000
vt 0.437500 0.968750
vt 0.421875 1.000000
vt 0.468750 0.968750
vt 0.453125 1.000000
vt 0.500000 0.968750
vt 0.484375 1.000000
vt 0.531250 0.968750
vt 0.515625 1.000000
vt 0.562500 0.968750
vt 0.546875 1.000000
vt 0.593750 0.968750
vt 0.578125 1.000000
vt 0.625000 0.968750
vt 0.609375 1.000000
vt 0.656250 0.968750
vt 0.640625 1.000000
vt 0.687500 0.968750
vt 0.671875 1.000000
vt 0.718750 0.968750
vt 0.703125 1.000000
vt 0.750000 0.968750
vt 0.734375 1.000000
vt 0.781250 0.968750
vt 0.765625 1.000000
vt 0.812500 0.968750
vt 0.796875 1.000000
vt 0.843750 0.968750
vt 0.828125 1.000000
vt 0.875000 0.968750
vt 0.859375 1.000000
vt 0.906250 0.968750
vt 0.890625 1.000000
vt 0.937500 0.968750
vt 0.921875 1.000000
vt 0.968750 0.968750
vt 0.953125 1.000000
vt 1.000000 0.968750
vt 0.984375 1.000000
vt 0.000000 0.031250
vt 0.031250 0.031250
vt 0.015625 0.000000
vt 0.062500 0.031250
vt 0.046875 0.000000
vt 0.093750 0.031250
vt 0.078125 0.000000
vt 0.125000 0.031250
vt 0.109375 0.000000
vt 0.156250 0.031250
vt 0.140625 0.000000
vt 0.187500 0.031250
vt 0.171875 0.000000
vt 0.218750 0.031250
vt 0.203125 0.000000
vt 0.250000 0.031250
vt 0.234375 0.000000
vt 0.281250 0.031250
vt 0.265625 0.000000
vt 0.312500 0.031250
vt 0.296875 0.000000
vt 0.343750 0.031250
vt 0.328125 0.000000
vt 0.375000 0.031250
vt 0.359375 0.000000
vt 0.406250 0.031250
vt 0.390625 0.000000
vt 0.437500 0.031250
vt 0.421875 0.000000
vt 0.468750 0.031250
vt 0.453125 0.000000
vt 0.500000 0.031250
vt 0.484375 0.000000
vt 0.531250 0.031250
vt 0.515625 0.000000
vt 0.562500 0.031250
vt 0.546875 0.000000
vt 0.593750 0.031250
vt 0.578125 0.000000
vt 0.625000 0.031250
vt 0.609375 0.000000
vt 0.656250 0.031250
vt 0.640625 0.000000
vt 0.687500 0.031250
vt 0.671875 0.000000
vt 0.718750 0.031250
vt 0.703125 0.000000
vt 0.750000 0.031250
vt 0.734375 0.000000
vt 0.781250 0.031250
vt 0.765625 0.000000
vt 0.812500 0.031250
vt 0.796875 0.000000
vt 0.843750 0.031250
vt 0.828125 0.000000
vt 0.875000 0.031250
vt 0.859375 0.000000
vt 0.906250 0.031250
vt 0.890625 0.000000
vt 0.937500 0.031250
vt 0.921875 0.000000
vt 0.968750 0.031250
vt 0.953125 0.000000
vt 1.000000 0.031250
vt 0.984375 0.000000
vt 0.031250 0.937500
vt 0.000000 0.937500
vt 0.062500 0.937500
vt 0.093750 0.937500
vt 0.125000 0.937500
vt 0.156250 0.937500
vt 0.187500 0.937500
vt 0.218750 0.937500
vt 0.250000 0.937500
vt 0.281250 0.937500
vt 0.312500 0.937500
vt 0.343750 0.937500
vt 0.375000 0.937500
vt 0.406250 0.937500
vt 0.437500 0.937500
vt 0.468750 0.937500
vt 0.500000 0.937500
vt 0.531250 0.937500
vt 0.562500 0.937500
vt 0.593750 0.937500
vt 0.625000 0.937500
vt 0.656250 0.937500
vt 0.687500 0.937500
vt 0.718750 0.937500
vt 0.750000 0.937500
vt 0.781250 0.937500
vt 0.812500 0.937500
vt 0.843750 0.937500
vt 0.875000 0.937500
vt 0.906250 0.937500
vt 0.937500 0.937500
vt 0.968750 0.937500
vt 1.000000 0.937500
vt 0.031250 0.906250
vt 0.000000 0.906250
vt 0.062500 0.906250
vt 0.093750 0.906250
vt 0.125000 0.906250
vt 0.156250 0.906250
vt 0.187500 0.906250
vt 0.218750 0.906250
vt 0.250000 0.906250
vt 0.281250 0.906250
vt 0.312500 0.906250
vt 0.343750 0.906250
vt 0.375000 0.906250
vt 0.406250 0.906250
vt 0.437500 0.906250
vt 0.468750 0.906250
vt 0.500000 0.906250
vt 0.531250 0.906250
vt 0.562500 0.906250
vt 0.593750 0.906250
vt 0.625000 0.906250
vt 0.656250 0.906250
vt 0.687500 0.906250
vt 0.718750 0.906250
vt 0.750000 0.906250
vt 0.781250 0.906250
vt 0.812500 0.906250
vt 0.843750 0.906250
vt 0.875000 0.906250
vt 0.906250 0.906250
vt 0.937500 0.906250
vt 0.968750 0.906250
vt 1.000000 0.906250
vt 0.031250 0.875000
vt 0.000000 0.875000
vt 0.062500 0.875000
vt 0.093750 0.875000
vt 0.125000 0.875000
vt 0.156250 0.875000
vt 0.187500 0.875000
vt 0.218750 0.875000
vt 0.250000 0.875000
vt 0.281250 0.875000
vt 0.312500 0.875000
vt 0.343750 0.875000
vt 0.375000 0.875000
vt 0.406250 0.875000
vt 0.437500 0.875000
vt 0.468750 0.875000
vt 0.500000 0.875000
vt 0.531250 0.875000
vt 0.562500 0.875000
vt 0.593750 0.875000
vt 0.625000 0.875000
vt 0.656250 0.875000
vt 0.687500 0.875000
vt 0.718750 0.875000
vt 0.750000 0.875000
vt 0.781250 0.875000
vt 0.812500 0.875000
vt 0.843750 0.875000
vt 0.875000 0.875000
vt 0.906250 0.875000
vt 0.937500 0.875000
vt 0.968750 0.875000
vt 1.000000 0.875000
vt 0.031250 0.843750
vt 0.000000 0.843750
vt 0.062500 0.843750
vt 0.093750 0.843750
vt 0.125000 0.843750
vt 0.156250 0.843750
vt 0.187500 0.843750
vt 0.218750 0.843750
vt 0.250000 0.843750
vt 0.281250 0.843750
vt 0.312500 0.843750
vt 0.343750 0.843750
vt 0.375000 0.843750
vt 0.406250 0.843750
vt 0.437500 0.843750
vt 0.468750 0.843750
vt 0.500000 0.843750
vt 0.531250 0.843750
vt 0.562500 0.843750
vt 0.593750 0.843750
vt 0.625000 0.843750
vt 0.656250 0.843750
vt 0.687500 0.843750
vt 0.718750 0.843750
vt 0.750000 0.843750
vt 0.781250 0.843750
vt 0.812500 0.843750
vt 0.843750 0.843750
vt 0.875000 0.843750
vt 0.906250 0.843750
vt 0.937500 0.843750
vt 0.968750 0.843750
vt 1.000000 0.843750
vt 0.031250 0.812500
vt 0.000000 0.812500
vt 0.062500 0.812500
vt 0.093750 0.812500
vt 0.125000 0.812500
vt 0.156250 0.812500
vt 0.187500 0.812500
vt 0.218750 0.812500
vt 0.250000 0.812500
vt 0.281250 0.812500
vt 0.312500 0.812500
vt 0.343750 0.812500
vt 0.375000 0.812500
vt 0.406250 0.812500
vt 0.437500 0.812500
vt 0.468750 0.812500
vt 0.500000 0.812500
vt 0.531250 0.812500
vt 0.562500 0.812500
vt 0.593750 0.812500
vt 0.625000 0.812500
vt 0.656250 0.812500
vt 0.687500 0.812500
vt 0.718750 0.812500
vt 0.750000 0.812500
vt 0.781250 0.812500
vt 0.812500 0.812500
vt 0.843750 0.812500
vt 0.875000 0.812500
vt 0.906250 0.812500
vt 0.937500 0.812500
vt 0.968750 0.812500
vt 1.000000 0.812500
vt 0.031250 0.781250
vt 0.000000 0.781250
vt 0.062500 0.781250
vt 0.093750 0.781250
vt 0.125000 0.781250
vt 0.156250 0.781250
vt 0.187500 0.781250
vt 0.218750 0.781250
vt 0.250000 0.781250
vt 0.281250 0.781250
vt 0.312500 0.781250
vt 0.343750 0.781250
vt 0.375000 0.781250
vt 0.406250 0.781250
vt 0.437500 0.781250
vt 0.468750 0.781250
vt 0.500000 0.781250
vt 0.531250 0.781250
vt 0.562500 0.781250
vt 0.593750 0.781250
vt 0.625000 0.781250
vt 0.656250 0.781250
vt 0.687500 0.781250
vt 0.718750 0.781250
vt 0.750000 0.781250
vt 0.781250 0.781250
vt 0.812500 0.781250
vt 0.843750 0.781250
vt 0.875000 0.781250
vt 0.906250 0.781250
vt 0.937500 0.781250
vt 0.968750 0.781250
vt 1.000000 0.781250
vt 0.031250 0.750000
vt 0.000000 0.750000
vt 0.062500 0.750000
vt 0.093750 0.750000
vt 0.125000 0.750000
vt 0.156250 0.750000
vt 0.187500 0.750000
vt 0.218750 0.750000
vt 0.250000 0.750000
vt 0.281250 0.750000
vt 0.312500 0.750000
vt 0.343750 0.750000
vt 0.375000 0.750000
vt 0.406250 0.750000
vt 0.437500 0.750000
vt 0.468750 0.750000
vt 0.500000 0.750000
vt 0.531250 0.750000
vt 0.562500 0.750000
vt 0.593750 0.750000
vt 0.625000 0.750000
vt 0.656250 0.750000
vt 0.687500 0.750000
vt 0.718750 0.750000
vt 0.750000 0.750000
vt 0.781250 0.750000
vt 0.812500 0.750000
vt 0.843750 0.750000
vt 0.875000 0.750000
vt 0.906250 0.750000
vt 0.937500 0.750000
vt 0.968750 0.750000
vt 1.000000 0.750000
vt 0.031250 0.718750
vt 0.000000 0.718750
vt 0.062500 0.718750
vt 0.093750 0.718750
vt 0.125000 0.718750
vt 0.156250 0.718750
vt 0.187500 0.718750
vt 0.218750 0.718750
vt 0.250000 0.718750
vt 0.281250 0.718750
vt 0.312500 0.718750
vt 0.343750 0.718750
vt 0.375000 0.718750
vt 0.406250 0.718750
vt 0.437500 0.718750
vt 0.468750 0.718750
vt 0.500000 0.718750
vt 0.531250 0.718750
vt 0.562500 0.718750
vt 0.593750 0.718750
vt 0.625000 0.718750
vt 0.656250 0.718750
vt 0.687500 0.718750
vt 0.718750 0.718750
vt 0.750000 0.718750
vt 0.781250 0.718750
vt 0.812500 0.718750
vt 0.843750 0.718750
vt 0.875000 0.718750
vt 0.906250 0.718750
vt 0.937500 0.718750
vt 0.968750 0.718750
vt 1.000000 0.718750
vt 0.031250 0.687500
vt 0.000000 0.687500
vt 0.062500 0.687500
vt 0.093750 0.687500
vt 0.125000 0.687500
vt 0.156250 0.687500
vt 0.187500 0.687500
vt 0.218750 0.687500
vt 0.250000 0.687500
vt 0.281250 0.687500
vt 0.312500 0.687500
vt 0.343750 0.687500
vt 0.375000 0.687500
vt 0.406250 0.687500
vt 0.437500 0.687500
vt 0.468750 0.687500
vt 0.500000 0.687500
vt 0.531250 0.687500
vt 0.562500 0.687500
vt 0.593750 0.687500
vt 0.625000 0.687500
vt 0.656250 0.687500
vt 0.687500 0.687500
vt 0.718750 0.687500
vt 0.750000 0.687500
vt 0.781250 0.687500
vt 0.812500 0.687500
vt 0.843750 0.687500
vt 0.875000 0.687500
vt 0.906250 0.687500
vt 0.937500 0.687500
vt 0.968750 0.687500
vt 1.000000 0.687500
vt 0.031250 0.656250
vt 0.000000 0.656250
vt 0.062500 0.656250
vt 0.093750 0.656250
vt 0.125000 0.656250
vt 0.156250 0.656250
vt 0.187500 0.656250
vt 0.218750 0.656250
vt 0.250000 0.656250
vt 0.281250 0.656250
vt 0.312500 0.656250
vt 0.343750 0.656250
vt 0.375000 0.656250
vt 0.406250 0.656250
vt 0.437500 0.656250
vt 0.468750 0.656250
vt 0.500000 0.656250
vt 0.531250 0.656250
vt 0.562500 0.656250
vt 0.593750 0.656250
vt 0.625000 0.656250
vt 0.656250 0.656250
vt 0.687500 0.656250
vt 0.718750 0.656250
vt 0.750000 0.656250
vt 0.781250 0.656250
vt 0.812500 0.656250
vt 0.843750 0.656250
vt 0.875000 0.656250
vt 0.906250 0.656250
vt 0.937500 0.656250
vt 0.968750 0.656250
vt 1.000000 0.656250
vt 0.031250 0.625000
vt 0.000000 0.625000
vt 0.062500 0.625000
vt 0.093750 0.625000
vt 0.125000 0.625000
vt 0.156250 0.625000
vt 0.187500 0.625000
vt 0.218750 0.625000
vt 0.250000 0.625000
vt 0.281250 0.625000
vt 0.312500 0.625000
vt 0.343750 0.625000
vt 0.375000 0.625000
vt 0.406250 0.625000
vt 0.437500 0.625000
vt 0.468750 0.625000
vt 0.500000 0.625000
vt 0.531250 0.625000
vt 0.562500 0.625000
vt 0.593750 0.625000
vt 0.625000 0.625000
vt 0.656250 0.625000
vt 0.687500 0.625000
vt 0.718750 0.625000
vt 0.750000 0.625000
vt 0.781250 0.625000
vt 0.812500 0.625000
vt 0.843750 0.625000
vt 0.875000 0.625000
vt 0.906250 0.625000
vt 0.937500 0.625000
vt 0.968750 0.625000
vt 1.000000 0.625000
vt 0.031250 0.593750
vt 0.000000 0.593750
vt 0.062500 0.593750
vt 0.093750 0.593750
vt 0.125000 0.593750
vt 0.156250 0.593750
vt 0.187500 0.593750
vt 0.218750 0.593750
vt 0.250000 0.593750
vt 0.281250 0.593750
vt 0.312500 0.593750
vt 0.343750 0.593750
vt 0.375000 0.593750
vt 0.406250 0.593750
vt 0.437500 0.593750
vt 0.468750 0.593750
vt 0.500000 0.593750
vt 0.531250 0.593750
vt 0.562500 0.593750
vt 0.593750 0.593750
vt 0.625000 0.593750
vt 0.656250 0.593750
vt 0.687500 0.593750
vt 0.718750 0.593750
vt 0.750000 0.593750
vt 0.781250 0.593750
vt 0.812500 0.593750
vt 0.843750 0.593750
vt 0.875000 0.593750
vt 0.906250 0.593750
vt 0.937500 0.593750
vt 0.968750 0.593750
vt 1.000000 0.593750
vt 0.031250 0.562500
vt 0.000000 0.562500
vt 0.062500 0.562500
vt 0.093750 0.562500
vt 0.125000 0.562500
vt 0.156250 0.562500
vt 0.187500 0.562500
vt 0.218750 0.562500
vt 0.250000 0.562500
vt 0.281250 0.562500
vt 0.312500 0.562500
vt 0.343750 0.562500
vt 0.375000 0.562500
vt 0.406250 0.562500
vt 0.437500 0.562500
vt 0.468750 0.562500
vt 0.500000 0.562500
vt 0.531250 0.562500
vt 0.562500 0.562500
vt 0.593750 0.562500
vt 0.625000 0.562500
vt 0.656250 0.562500
vt 0.687500 0.562500
vt 0.718750 0.562500
vt 0.750000 0.562500
vt 0.781250 0.562500
vt 0.812500 0.562500
vt 0.843750 0.562500
vt 0.875000 0.562500
vt 0.906250 0.562500
vt 0.937500 0.562500
vt 0.968750 0.562500
vt 1.000000 0.562500
vt 0.031250 0.531250
vt 0.000000 0.531250
vt 0.062500 0.531250
vt 0.093750 0.531250
vt 0.125000 0.531250
vt 0.156250 0.531250
vt 0.187500 0.531250
vt 0.218750 0.531250
vt 0.250000 0.531250
vt 0.281250 0.531250
vt 0.312500 0.531250
vt 0.343750 0.531250
vt 0.375000 0.531250
vt 0.406250 0.531250
vt 0.437500 0.531250
vt 0.468750 0.531250
vt 0.500000 0.531250
vt 0.531250 0.531250
vt 0.562500 0.531250
vt 0.593750 0.531250
vt 0.625000 0.531250
vt 0.656250 0.531250
vt 0.687500 0.531250
vt 0.718750 0.531250
vt 0.750000 0.531250
vt 0.781250 0.531250
vt 0.812500 0.531250
vt 0.843750 0.531250
vt 0.875000 0.531250
vt 0.906250 0.531250
vt 0.937500 0.531250
vt 0.968750 0.531250
vt 1.000000 0.531250
vt 0.031250 0.500000
vt 0.000000 0.500000
vt 0.062500 0.500000
vt 0.093750 0.500000
vt 0.125000 0.500000
vt 0.156250 0.500000
vt 0.187500 0.500000
vt 0.218750 0.500000
vt 0.250000 0.500000
vt 0.281250 0.500000
vt 0.312500 0.500000
vt 0.343750 0.500000
vt 0.375000 0.500000
vt 0.406250 0.500000
vt 0.437500 0.500000
vt 0.468750 0.500000
vt 0.500000 0.500000
vt 0.531250 0.500000
vt 0.562500 0.500000
vt 0.593750 0.500000
vt 0.625000 0.500000
vt 0.656250 0.500000
vt 0.687500 0.500000
vt 0.718750 0.500000
vt 0.750000 0.500000
vt 0.781250 0.500000
vt 0.812500 0.500000
vt 0.843750 0.500000
vt 0.875000 0.500000
vt 0.906250 0.500000
vt 0.937500 0.500000
vt 0.968750 0.500000
vt 1.000000 0.500000
vt 0.031250 0.468750
vt 0.000000 0.468750
vt 0.062500 0.468750
vt 0.093750 0.468750
vt 0.125000 0.468750
vt 0.156250 0.468750
vt 0.187500 0.468750
vt 0.218750 0.468750
vt 0.250000 0.468750
vt 0.281250 0.468750
vt 0.312500 0.468750
vt 0.343750 0.468750
vt 0.375000 0.468750
vt 0.406250 0.468750
vt 0.437500 0.468750
vt 0.468750 0.468750
vt 0.500000 0.468750
vt 0.531250 0.468750
vt 0.562500 0.468750
vt 0.593750 0.468750
vt 0.625000 0.468750
vt 0.656250 0.468750
vt 0.687500 0.468750
vt 0.718750 0.468750
vt 0.750000 0.468750
vt 0.781250 0.468750
vt 0.812500 0.468750
vt 0.843750 0.468750
vt 0.875000 0.468750
vt 0.906250 0.468750
vt 0.937500 0.468750
vt 0.968750 0.468750
vt 1.000000 0.468750
vt 0.031250 0.437500
vt 0.000000 0.437500
vt 0.062500 0.437500
vt 0.093750 0.437500
vt 0.125000 0.437500
vt 0.156250 0.437500
vt 0.187500 0.437500
vt 0.218750 0.437500
vt 0.250000 0.437500
vt 0.281250 0.437500
vt 0.312500 0.437500
vt 0.343750 0.437500
vt 0.375000 0.437500
vt 0.406250 0.437500
vt 0.437500 0.437500
vt 0.468750 0.437500
vt 0.500000 0.437500
vt 0.531250 0.437500
vt 0.562500 0.437500
vt 0.593750 0.437500
vt 0.625000 0.437500
vt 0.656250 0.437500
vt 0.687500 0.437500
vt 0.718750 0.437500
vt 0.750000 0.437500
vt 0.781250 0.437500
vt 0.812500 0.437500
vt 0.843750 0.437500
vt 0.875000 0.437500
vt 0.906250 0.437500
vt 0.937500 0.437500
vt 0.968750 0.437500
vt 1.000000 0.437500
vt 0.031250 0.406250
vt 0.000000 0.406250
vt 0.062500 0.406250
vt 0.093750 0.406250
vt 0.125000 0.406250
vt 0.156250 0.406250
vt 0.187500 0.406250
vt 0.218750 0.406250
vt 0.250000 0.406250
vt 0.281250 0.406250
vt 0.312500 0.406250
vt 0.343750 0.406250
vt 0.375000 0.406250
vt 0.406250 0.406250
vt 0.437500 0.406250
vt 0.468750 0.406250
vt 0.500000 0.406250
vt 0.531250 0.406250
vt 0.562500 0.406250
vt 0.593750 0.406250
vt 0.625000 0.406250
vt 0.656250 0.406250
vt 0.687500 0.406250
vt 0.718750 0.406250
vt 0.750000 0.406250
vt 0.781250 0.406250
vt 0.812500 0.406250
vt 0.843750 0.406250
vt 0.875000 0.406250
vt 0.906250 0.406250
vt 0.937500 0.406250
vt 0.968750 0.406250
vt 1.000000 0.406250
vt 0.031250 0.375000
vt 0.000000 0.375000
vt 0.062500 0.375000
vt 0.093750 0.375000
vt 0.125000 0.375000
vt 0.156250 0.375000
vt 0.187500 0.375000
vt 0.218750 0.375000
vt 0.250000 0.375000
vt 0.281250 0.375000
vt 0.312500 0.375000
vt 0.343750 0.375000
vt 0.375000 0.375000
vt 0.406250 0.375000
vt 0.437500 0.375000
vt 0.468750 0.375000
vt 0.500000 0.375000
vt 0.531250 0.375000
vt 0.562500 0.375000
vt 0.593750 0.375000
vt 0.625000 0.375000
vt 0.656250 0.375000
vt 0.687500 0.375000
vt 0.718750 0.375000
vt 0.750000 0.375000
vt 0.781250 0.375000
vt 0.812500 0.375000
vt 0.843750 0.375000
vt 0.875000 0.375000
vt 0.906250 0.375000
vt 0.937500 0.375000
vt 0.968750 0.375000
vt 1.000000 0.375000
vt 0.031250 0.343750
vt 0.000000 0.343750
vt 0.062500 0.343750
vt 0.093750 0.343750
vt 0.125000 0.343750
vt 0.156250 0.343750
vt 0.187500 0.343750
vt 0.218750 0.343750
vt 0.250000 0.343750
vt 0.281250 0.343750
vt 0.312500 0.343750
vt 0.343750 0.343750
vt 0.375000 0.343750
vt 0.406250 0.343750
vt 0.437500 0.343750
vt 0.468750 0.343750
vt 0.500000 0.343750
vt 0.531250 0.343750
vt 0.562500 0.343750
vt 0.593750 0.343750
vt 0.625000 0.343750
vt 0.656250 0.343750
vt 0.687500 0.343750
vt 0.718750 0.343750
vt 0.750000 0.343750
vt 0.781250 0.343750
vt 0.812500 0.343750
vt 0.843750 0.343750
vt 0.875000 0.343750
vt 0.906250 0.343750
vt 0.937500 0.343750
vt 0.968750 0.343750
vt 1.000000 0.343750
vt 0.031250 0.312500
vt 0.000000 0.312500
vt 0.062500 0.312500
vt 0.093750 0.312500
vt 0.125000 0.312500
vt 0.156250 0.312500
vt 0.187500 0.312500
vt 0.218750 0.312500
vt 0.250000 0.312500
vt 0.281250 0.312500
vt 0.312500 0.312500
vt 0.343750 0.312500
vt 0.375000 0.312500
vt 0.406250 0.312500
vt 0.437500 0.312500
vt 0.468750 0.312500
vt 0.500000 0.312500
vt 0.531250 0.312500
vt 0.562500 0.312500
vt 0.593750 0.312500
vt 0.625000 0.312500
vt 0.656250 0.312500
vt 0.687500 0.312500
vt 0.718750 0.312500
vt 0.750000 0.312500
vt 0.781250 0.312500
vt 0.812500 0.312500
vt 0.843750 0.312500
vt 0.875000 0.312500
vt 0.906250 0.312500
vt 0.937500 0.312500
vt 0.968750 0.312500
vt 1.000000 0.312500
vt 0.031250 0.281250
vt 0.000000 0.281250
vt 0.062500 0.281250
vt 0.093750 0.281250
vt 0.125000 0.281250
vt 0.156250 0.281250
vt 0.187500 0.281250
vt 0.218750 0.281250
vt 0.250000 0.281250
vt 0.281250 0.281250
vt 0.312500 0.281250
vt 0.343750 0.281250
vt 0.375000 0.281250
vt 0.406250 0.281250
vt 0.437500 0.281250
vt 0.468750 0.281250
vt 0.500000 0.281250
vt 0.531250 0.281250
vt 0.562500 0.281250
vt 0.593750 0.281250
vt 0.625000 0.281250
vt 0.656250 0.281250
vt 0.687500 0.281250
vt 0.718750 0.281250
vt 0.750000 0.281250
vt 0.781250 0.281250
vt 0.812500 0.281250
vt 0.843750 0.281250
vt 0.875000 0.281250
vt 0.906250 0.281250
vt 0.937500 0.281250
vt 0.968750 0.281250
vt 1.000000 0.281250
vt 0.031250 0.250000
vt 0.000000 0.250000
vt 0.062500 0.250000
vt 0.093750 0.250000
vt 0.125000 0.250000
vt 0.156250 0.250000
vt 0.187500 0.250000
vt 0.218750 0.250000
vt 0.250000 0.250000
vt 0.281250 0.250000
vt 0.312500 0.250000
vt 0.343750 0.250000
vt 0.375000 0.250000
vt 0.406250 0.250000
vt 0.437500 0.250000
vt 0.468750 0.250000
vt 0.500000 0.250000
vt 0.531250 0.250000
vt 0.562500 0.250000
vt 0.593750 0.250000
vt 0.625000 0.250000
vt 0.656250 0.250000
vt 0.687500 0.250000
vt 0.718750 0.250000
vt 0.750000 0.250000
vt 0.781250 0.250000
vt 0.812500 0.250000
vt 0.843750 0.250000
vt 0.875000 0.250000
vt 0.906250 0.250000
vt 0.937500 0.250000
vt 0.968750 0.250000
vt 1.000000 0.250000
vt 0.031250 0.218750
vt 0.000000 0.218750
vt 0.062500 0.218750
vt 0.093750 0.218750
vt 0.125000 0.218750
vt 0.156250 0.218750
vt 0.187500 0.218750
vt 0.218750 0.218750
vt 0.250000 0.218750
vt 0.281250 0.218750
vt 0.312500 0.218750
vt 0.343750 0.218750
vt 0.375000 0.218750
vt 0.406250 0.218750
vt 0.437500 0.218750
vt 0.468750 0.218750
vt 0.500000 0.218750
vt 0.531250 0.218750
vt 0.562500 0.218750
vt 0.593750 0.218750
vt 0.625000 0.218750
vt 0.656250 0.218750
vt 0.687500 0.218750
vt 0.718750 0.218750
vt 0.750000 0.218750
vt 0.781250 0.218750
vt 0.812500 0.218750
vt 0.843750 0.218750
vt 0.875000 0.218750
vt 0.906250 0.218750
vt 0.937500 0.218750
vt 0.968750 0.218750
vt 1.000000 0.218750
vt 0.031250 0.187500
vt 0.000000 0.187500
vt 0.062500 0.187500
vt 0.093750 0.187500
vt 0.125000 0.187500
vt 0.156250 0.187500
vt 0.187500 0.187500
vt 0.218750 0.187500
vt 0.250000 0.187500
vt 0.281250 0.187500
vt 0.312500 0.187500
vt 0.343750 0.187500
vt 0.375000 0.187500
vt 0.406250 0.187500
vt 0.437500 0.187500
vt 0.468750 0.187500
vt 0.500000 0.187500
vt 0.531250 0.187500
vt 0.562500 0.187500
vt 0.593750 0.187500
vt 0.625000 0.187500
vt 0.656250 0.187500
vt 0.687500 0.187500
vt 0.718750 0.187500
vt 0.750000 0.187500
vt 0.781250 0.187500
vt 0.812500 0.187500
vt 0.843750 0.187500
vt 0.875000 0.187500
vt 0.906250 0.187500
vt 0.937500 0.187500
vt 0.968750 0.187500
vt 1.000000 0.187500
vt 0.031250 0.156250
vt 0.000000 0.156250
vt 0.062500 0.156250
vt 0.093750 0.156250
vt 0.125000 0.156250
vt 0.156250 0.156250
vt 0.187500 0.156250
vt 0.218750 0.156250
vt 0.250000 0.156250
vt 0.281250 0.156250
vt 0.312500 0.156250
vt 0.343750 0.156250
vt 0.375000 0.156250
vt 0.406250 0.156250
vt 0.437500 0.156250
vt 0.468750 0.156250
vt 0.500000 0.156250
vt 0.531250 0.156250
vt 0.562500 0.156250
vt 0.593750 0.156250
vt 0.625000 0.156250
vt 0.656250 0.156250
vt 0.687500 0.156250
vt 0.718750 0.156250
vt 0.750000 0.156250
vt 0.781250 0.156250
vt 0.812500 0.156250
vt 0.843750 0.156250
vt 0.875000 0.156250
vt 0.906250 0.156250
vt 0.937500 0.156250
vt 0.968750 0.156250
vt 1.000000 0.156250
vt 0.031250 0.125000
vt 0.000000 0.125000
vt 0.062500 0.125000
vt 0.093750 0.125000
vt 0.125000 0.125000
vt 0.156250 0.125000
vt 0.187500 0.125000
vt 0.218750 0.125000
vt 0.250000 0.125000
vt 0.281250 0.125000
vt 0.312500 0.125000
vt 0.343750 0.125000
vt 0.375000 0.125000
vt 0.406250 0.125000
vt 0.437500 0.125000
vt 0.468750 0.125000
vt 0.500000 0.125000
vt 0.531250 0.125000
vt 0.562500 0.125000
vt 0.593750 0.125000
vt 0.625000 0.125000
vt 0.656250 0.125000
vt 0.687500 0.125000
vt 0.718750 0.125000
vt 0.750000 0.125000
vt 0.781250 0.125000
vt 0.812500 0.125000
vt 0.843750 0.125000
vt 0.875000 0.125000
vt 0.906250 0.125000
vt 0.937500 0.125000
vt 0.968750 0.125000
vt 1.000000 0.125000
vt 0.031250 0.093750
vt 0.000000 0.093750
vt 0.062500 0.093750
vt 0.093750 0.093750
vt 0.125000 0.093750
vt 0.156250 0.093750
vt 0.187500 0.093750
vt 0.218750 0.093750
vt 0.250000 0.093750
vt 0.281250 0.093750
vt 0.312500 0.093750
vt 0.343750 0.093750
vt 0.375000 0.093750
vt 0.406250 0.093750
vt 0.437500 0.093750
vt 0.468750 0.093750
vt 0.500000 0.093750
vt 0.531250 0.093750
vt 0.562500 0.093750
vt 0.593750 0.093750
vt 0.625000 0.093750
vt 0.656250 0.093750
vt 0.687500 0.093750
vt 0.718750 0.093750
vt 0.750000 0.093750
vt 0.781250 0.093750
vt 0.812500 0.093750
vt 0.843750 0.093750
vt 0.875000 0.093750
vt 0.906250 0.093750
vt 0.937500 0.093750
vt 0.968750 0.093750
vt 1.000000 0.093750
vt 0.031250 0.062500
vt 0.000000 0.062500
vt 0.062500 0.062500
vt 0.093750 0.062500
vt 0.125000 0.062500
vt 0.156250 0.062500
vt 0.187500 0.062500
vt 0.218750 0.062500
vt 0.250000 0.062500
vt 0.281250 0.062500
vt 0.312500 0.062500
vt 0.343750 0.062500
vt 0.375000 0.062500
vt 0.406250 0.062500
vt 0.437500 0.062500
vt 0.468750 0.062500
vt 0.500000 0.062500
vt 0.531250 0.062500
vt 0.562500 0.062500
vt 0.593750 0.062500
vt 0.625000 0.062500
vt 0.656250 0.062500
vt 0.687500 0.062500
vt 0.718750 0.062500
vt 0.750000 0.062500
vt 0.781250 0.062500
vt 0.812500 0.062500
vt 0.843750 0.062500
vt 0.875000 0.062500
vt 0.906250 0.062500
vt 0.937500 0.062500
vt 0.968750 0.062500
vt 1.000000 0.062500
s 1
usemtl Material.002
f 62/62/62 63/63/63 64/64/64
f 65/65/65 62/62/62 66/66/66
f 67/67/67 65/65/65 68/68/68
f 69/69/69 67/67/67 70/70/70
f 71/71/71 69/69/69 72/72/72
f 73/73/73 71/71/71 74/74/74
f 75/75/75 73/73/73 76/76/76
f 77/77/77 75/75/75 78/78/78
f 79/79/79 77/77/77 80/80/80
f 81/81/81 79/79/79 82/82/82
f 83/83/83 81/81/81 84/84/84
f 85/85/85 83/83/83 86/86/86
f 87/87/87 85/85/85 88/88/88
f 89/89/89 87/87/87 90/90/90
f 91/91/91 89/89/89 92/92/92
f 93/93/93 91/91/91 94/94/94
f 95/95/95 93/93/93 96/96/96
f 97/97/97 95/95/95 98/98/98
f 99/99/99 97/97/97 100/100/100
f 101/101/101 99/99/99 102/102/102
f 103/103/103 101/101/101 104/104/104
f 105/105/105 103/103/103 106/106/106
f 107/107/107 105/105/105 108/108/108
f 109/109/109 107/107/107 110/110/110
f 111/111/111 109/109/109 112/112/112
f 113/113/113 111/111/111 114/114/114
f 115/115/115 113/113/113 116/116/116
f 117/117/117 115/115/115 118/118/118
f 119/119/119 117/117/117 120/120/120
f 121/121/121 119/119/119 122/122/122
f 123/123/123 121/121/121 124/124/124
f 125/125/125 123/123/123 126/126/126
f 127/127/127 128/128/128 129/129/129
f 128/128/128 130/130/130 131/131/131
f 130/130/130 132/132/132 133/133/133
f 132/132/132 134/134/134 135/135/135
f 134/134/134 136/136/136 137/137/137
f 136/136/136 138/138/138 139/139/139
f 138/138/138 140/140/140 141/141/141
f 140/140/140 142/142/142 143/143/143
f 142/142/142 144/144/144 145/145/145
f 144/144/144 146/146/146 147/147/147
f 146/146/146 148/148/148 149/149/149
f 148/148/148 150/150/150 151/151/151
f 150/150/150 152/152/152 153/153/153
f 152/152/152 154/154/154 155/155/155
f 154/154/154 156/156/156 157/157/157
f 156/156/156 158/158/158 159/159/159
f 158/158/158 160/160/160 161/161/161
f 160/160/160 162/162/162 163/163/163
f 162/162/162 164/164/164 165/165/165
f 164/164/164 166/166/166 167/167/167
f 166/166/166 168/168/168 169/169/169
f 168/168/168 170/170/170 171/171/171
f 170/170/170 172/172/172 173/173/173
f 172/172/172 174/174/174 175/175/175
f 174/174/174 176/176/176 177/177/177
f 176/176/176 178/178/178 179/179/179
f 178/178/178 180/180/180 181/181/181
f 180/180/180 182/182/182 183/183/183
f 182/182/182 184/184/184 185/185/185
f 184/184/184 186/186/186 187/187/187
f 186/186/186 188/188/188 189/189/189
f 188/188/188 190/190/190 191/191/191
f 63/63/63 62/62/62 192/192/192
f 63/63/63 192/192/192 193/193/193
f 62/62/62 65/65/65 194/194/194
f 62/62/62 194/194/194 192/192/192
f 65/65/65 67/67/67 195/195/195
f 65/65/65 195/195/195 194/194/194
f 67/67/67 69/69/69 196/196/196
f 67/67/67 196/196/196 195/195/195
f 69/69/69 71/71/71 197/197/197
f 69/69/69 197/197/197 196/196/196
f 71/71/71 73/73/73 198/198/198
f 71/71/71 198/198/198 197/197/197
f 73/73/73 75/75/75 199/199/199
f 73/73/73 199/199/199 198/198/198
f 75/75/75 77/77/77 200/200/200
f 75/75/75 200/200/200 199/199/199
f 77/77/77 79/79/79 201/201/201
f 77/77/77 201/201/201 200/200/200
f 79/79/79 81/81/81 202/202/202
f 79/79/79 202/202/202 201/201/201
f 81/81/81 83/83/83 203/203/203
f 81/81/81 203/203/203 202/202/202
f 83/83/83 85/85/85 204/204/204
f 83/83/83 204/204/204 203/203/203
f 85/85/85 87/87/87 205/205/205
f 85/85/85 205/205/205 204/204/204
f 87/87/87 89/89/89 206/206/206
f 87/87/87 206/206/206 205/205/205
f 89/89/89 91/91/91 207/207/207
f 89/89/89 207/207/207 206/206/206
f 91/91/91 93/93/93 208/208/208
f 91/91/91 208/208/208 207/207/207
f 93/93/93 95/95/95 209/209/209
f 93/93/93 209/209/209 208/208/208
f 95/95/95 97/97/97 210/210/210
f 95/95/95 210/210/210 209/209/209
f 97/97/97 99/99/99 211/211/211
f 97/97/97 211/211/211 210/210/210
f 99/99/99 101/101/101 212/212/212
f 99/99/99 212/212/212 211/211/211
f 101/101/101 103/103/103 213/213/213
f 101/101/101 213/213/213 212/212/212
f 103/103/103 105/105/105 214/214/214
f 103/103/103 214/214/214 213/213/213
f 105/105/105 107/107/107 215/215/215
f 105/105/105 215/215/215 214/214/214
f 107/107/107 109/109/109 216/216/216
f 107/107/107 216/216/216 215/215/215
f 109/109/109 111/111/111 217/217/217
f 109/109/109 217/217/217 216/216/216
f 111/111/111 113/113/113 218/218/218
f 111/111/111 218/218/218 217/217/217
f 113/113/113 115/115/115 219/219/219
f 113/113/113 219/219/219 218/218/218
f 115/115/115 117/117/117 220/220/220
f 115/115/115 220/220/220 219/219/219
f 117/117/117 119/119/119 221/221/221
f 117/117/117 221/221/221 220/220/220
f 119/119/119 121/121/121 222/222/222
f 119/119/119 222/222/222 221/221/221
f 121/121/121 123/123/123 223/223/223
f 121/121/121 223/223/223 222/222/222
f 123/123/123 125/125/125 224/224/224
f 123/123/123 224/224/224 223/223/223
f 193/193/193 192/192/192 225/225/225
f 193/193/193 225/225/225 226/226/226
f 192/192/192 194/194/194 227/227/227
f 192/192/192 227/227/227 225/225/225
f 194/194/194 195/195/195 228/228/228
f 194/194/194 228/228/228 227/227/227
f 195/195/195 196/196/196 229/229/229
f 195/195/195 229/229/229 228/228/228
f 196/196/196 197/197/197 230/230/230
f 196/196/196 230/230/230 229/229/229
f 197/197/197 198/198/198 231/231/231
f 197/197/197 231/231/231 230/230/230
f 198/198/198 199/199/199 232/232/232
f 198/198/198 232/232/232 231/231/231
f 199/199/199 200/200/200 233/233/233
f 199/199/199 233/233/233 232/232/232
f 200/200/200 201/201/201 234/234/234
f 200/200/200 234/234/234 233/233/233
f 201/201/201 202/202/202 235/235/235
f 201/201/201 235/235/235 234/234/234
f 202/202/202 203/203/203 236/236/236
f 202/202/202 236/236/236 235/235/235
f 203/203/203 204/204/204 237/237/237
f 203/203/203 237/237/237 236/236/236
f 204/204/204 205/205/205 238/238/238
f 204/204/204 238/238/238 237/237/237
f 205/205/205 206/206/206 239/239/239
f 205/205/205 239/239/239 238/238/238
f 206/206/206 207/207/207 240/240/240
f 206/206/206 240/240/240 239/239/239
f 207/207/207 208/208/208 241/241/241
f 207/207/207 241/241/241 240/240/240
f 208/208/208 209/209/209 242/242/242
f 208/208/208 242/242/242 241/241/241
f 209/209/209 210/210/210 243/243/243
f 209/209/209 243/243/243 242/242/242
f 210/210/210 211/211/211 244/244/244
f 210/210/210 244/244/244 243/243/243
f 211/211/211 212/212/212 245/245/245
f 211/211/211 245/245/245 244/244/244
f 212/212/212 213/213/213 246/246/246
f 212/212/212 246/246/246 245/245/245
f 213/213/213 214/214/214 247/247/247
f 213/213/213 247/247/247 246/246/246
f 214/214/214 215/215/215 248/248/248
f 214/214/214 248/248/248 247/247/247
f 215/215/215 216/216/216 249/249/249
f 215/215/215 249/249/249 248/248/248
f 216/216/216 217/217/217 250/250/250
f 216/216/216 250/250/250 249/249/249
f 217/217/217 218/218/218 251/251/251
f 217/217/217 251/251/251 250/250/250
f 218/218/218 219/219/219 252/252/252
f 218/218/218 252/252/252 251/251/251
f 219/219/219 220/220/220 253/253/253
f 219/219/219 253/253/253 252/252/252
f 220/220/220 221/221/221 254/254/254
f 220/220/220 254/254/254 253/253/253
f 221/221/221 222/222/222 255/255/255
f 221/221/221 255/255/255 254/254/254
f 222/222/222 223/223/223 256/256/256
f 222/222/222 256/256/256 255/255/255
f 223/223/223 224/224/224 257/257/257
f 223/223/223 257/257/257 256/256/256
f 226/226/226 225/225/225 258/258/258
f 226/226/226 258/258/258 259/259/259
f 225/225/225 227/227/227 260/260/260
f 225/225/225 260/260/260 258/258/258
f 227/227/227 228/228/228 261/261/261
f 227/227/227 261/261/261 260/260/260
f 228/228/228 229/229/229 262/262/262
f 228/228/228 262/262/262 261/261/261
f 229/229/229 230/230/230 263/263/263
f 229/229/229 263/263/263 262/262/262
f 230/230/230 231/231/231 264/264/264
f 230/230/230 264/264/264 263/263/263
f 231/231/231 232/232/232 265/265/265
f 231/231/231 265/265/265 264/264/264
f 232/232/232 233/233/233 266/266/266
f 232/232/232 266/266/266 265/265/265
f 233/233/233 234/234/234 267/267/267
f 233/233/233 267/267/267 266/266/266
f 234/234/234 235/235/235 268/268/268
f 234/234/234 268/268/268 267/267/267
f 235/235/235 236/236/236 269/269/269
f 235/235/235 269/269/269 268/268/268
f 236/236/236 237/237/237 270/270/270
f 236/236/236 270/270/270 269/269/269
f 237/237/237 238/238/238 271/271/271
f 237/237/237 271/271/271 270/270/270
f 238/238/238 239/239/239 272/272/272
f 238/238/238 272/272/272 271/271/271
f 239/239/239 240/240/240 273/273/273
f 239/239/239 273/273/273 272/272/272
f 240/240/240 241/241/241 274/274/274
f 240/240/240 274/274/274 273/273/273
f 241/241/241 242/242/242 275/275/275
f 241/241/241 275/275/275 274/274/274
f 242/242/242 243/243/243 276/276/276
f 242/242/242 276/276/276 275/275/275
f 243/243/243 244/244/244 277/277/277
f 243/243/243 277/277/277 276/276/276
f 244/244/244 245/245/245 278/278/278
f 244/244/244 278/278/278 277/277/277
f 245/245/245 246/246/246 279/279/279
f 245/245/245 279/279/279 278/278/278
f 246/246/246 247/247/247 280/280/280
f 246/246/246 280/280/280 279/279/279
f 247/247/247 248/248/248 281/281/281
f 247/247/247 281/281/281 280/280/280
f 248/248/248 249/249/249 282/282/282
f 248/248/248 282/282/282 281/281/281
f 249/249/249 250/250/250 283/283/283
f 249/249/249 283/283/283 282/282/282
f 250/250/250 251/251/251 284/284/284
f 250/250/250 284/284/284 283/283/283
f 251/251/251 252/252/252 285/285/285
f 251/251/251 285/285/285 284/284/284
f 252/252/252 253/253/253 286/286/286
f 252/252/252 286/286/286 285/285/285
f 253/253/253 254/254/254 287/287/287
f 253/253/253 287/287/287 286/286/286
f 254/254/254 255/255/255 288/288/288
f 254/254/254 288/288/288 287/287/287
f 255/255/255 256/256/256 289/289/289
f 255/255/255 289/289/289 288/288/288
f 256/256/256 257/257/257 290/290/290
f 256/256/256 290/290/290 289/289/289
f 259/259/259 258/258/258 291/291/291
f 259/259/259 291/291/291 292/292/292
f 258/258/258 260/260/260 293/293/293
f 258/258/258 293/293/293 291/291/291
f 260/260/260 261/261/261 294/294/294
f 260/260/260 294/294/294 293/293/293
f 261/261/261 262/262/262 295/295/295
f 261/261/261 295/295/295 294/294/294
f 262/262/262 263/263/263 296/296/296
f 262/262/262 296/296/296 295/295/295
f 263/263/263 264/264/264 297/297/297
f 263/263/263 297/297/297 296/296/296
f 264/264/264 265/265/265 298/298/298
f 264/264/264 298/298/298 297/297/297
f 265/265/265 266/266/266 299/299/299
f 265/265/265 299/299/299 298/298/298
f 266/266/266 267/267/267 300/300/300
f 266/266/266 300/300/300 299/299/299
f 267/267/267 268/268/268 301/301/301
f 267/267/267 301/301/301 300/300/300
f 268/268/268 269/269/269 302/302/302
f 268/268/268 302/302/302 301/301/301
f 269/269/269 270/270/270 303/303/303
f 269/269/269 303/303/303 302/302/302
f 270/270/270 271/271/271 304/304/304
f 270/270/270 304/304/304 303/303/303
f 271/271/271 272/272/272 305/305/305
f 271/271/271 305/305/305 304/304/304
f 272/272/272 273/273/273 306/306/306
f 272/272/272 306/306/306 305/305/305
f 273/273/273 274/274/274 307/307/307
f 273/273/273 307/307/307 306/306/306
f 274/274/274 275/275/275 308/308/308
f 274/274/274 308/308/308 307/307/307
f 275/275/275 276/276/276 309/309/309
f 275/275/275 309/309/309 308/308/308
f 276/276/276 277/277/277 310/310/310
f 276/276/276 310/310/310 309/309/309
f 277/277/277 278/278/278 311/311/311
f 277/277/277 311/311/311 310/310/310
f 278/278/278 279/279/279 312/312/312
f 278/278/278 312/312/312 311/311/311
f 279/279/279 280/280/280 313/313/313
f 279/279/279 313/313/313 312/312/312
f 280/280/280 281/281/281 314/314/314
f 280/280/280 314/314/314 313/313/313
f 281/281/281 282/282/282 315/315/315
f 281/281/281 315/315/315 314/314/314
f 282/282/282 283/283/283 316/316/316
f 282/282/282 316/316/316 315/315/315
f 283/283/283 284/284/284 317/317/317
f 283/283/283 317/317/317 316/316/316
f 284/284/284 285/285/285 318/318/318
f 284/284/284 318/318/318 317/317/317
f 285/285/285 286/286/286 319/319/319
f 285/285/285 319/319/319 318/318/318
f 286/286/286 287/287/287 320/320/320
f 286/286/286 320/320/320 319/319/319
f 287/287/287 288/288/288 321/321/321
f 287/287/287 321/321/321 320/320/320
f 288/288/288 289/289/289 322/322/322
f 288/288/288 322/322/322 321/321/321
f 289/289/289 290/290/290 323/323/323
f 289/289/289 323/323/323 322/322/322
f 292/292/292 291/291/291 324/324/324
f 292/292/292 324/324/324 325/325/325
f 291/291/291 293/293/293 326/326/326
f 291/291/291 326/326/326 324/324/324
f 293/293/293 294/294/294 327/327/327
f 293/293/293 327/327/327 326/326/326
f 294/294/294 295/295/295 328/328/328
f 294/294/294 328/328/328 327/327/327
f 295/295/295 296/296/296 329/329/329
f 295/295/295 329/329/329 328/328/328
f 296/296/296 297/297/297 330/330/330
f 296/296/296 330/330/330 329/329/329
f 297/297/297 298/298/298 331/331/331
f 297/297/297 331/331/331 330/330/330
f 298/298/298 299/299/299 332/332/332
f 298/298/298 332/332/332 331/331/331
f 299/299/299 300/300/300 333/333/333
f 299/299/299 333/333/333 332/332/332
f 300/300/300 301/301/301 334/334/334
f 300/300/300 334/334/334 333/333/333
f 301/301/301 302/302/302 335/335/335
f 301/301/301 335/335/335 334/334/334
f 302/302/302 303/303/303 336/336/336
f 302/302/302 336/336/336 335/335/335
f 303/303/303 304/304/304 337/337/337
f 303/303/303 337/337/337 336/336/336
f 304/304/304 305/305/305 338/338/338
f 304/304/304 338/338/338 337/337/337
f 305/305/305 306/306/306 339/339/339
f 305/305/305 339/339/339 338/338/338
f 306/306/306 307/307/307 340/340/340
f 306/306/306 340/340/340 339/339/339
f 307/307/307 308/308/308 341/341/341
f 307/307/307 341/341/341 340/340/340
f 308/308/308 309/309/309 342/342/342
f 308/308/308 342/342/342 341/341/341
f 309/309/309 310/310/310 343/343/343
f 309/309/309 343/343/343 342/342/342
f 310/310/310 311/311/311 344/344/344
f 310/310/310 344/344/344 343/343/343
f 311/311/311 312/312/312 345/345/345
f 311/311/311 345/345/345 344/344/344
f 312/312/312 313/313/313 346/346/346
f 312/312/312 346/346/346 345/345/345
f 313/313/313 314/314/314 347/347/347
f 313/313/313 347/347/347 346/346/346
f 314/314/314 315/315/315 348/348/348
f 314/314/314 348/348/348 347/347/347
f 315/315/315 316/316/316 349/349/349
f 315/315/315 349/349/349 348/348/348
f 316/316/316 317/317/317 350/350/350
f 316/316/316 350/350/350 349/349/349
f 317/317/317 318/318/318 351/351/351
f 317/317/317 351/351/351 350/350/350
f 318/318/318 319/319/319 352/352/352
f 318/318/318 352/352/352 351/351/351
f 319/319/319 320/320/320 353/353/353
f 319/319/319 353/353/353 352/352/352
f 320/320/320 321/321/321 354/354/354
f 320/320/320 354/354/354 353/353/353
f 321/321/321 322/322/322 355/355/355
f 321/321/321 355/355/355 354/354/354
f 322/322/322 323/323/323 356/356/356
f 322/322/322 356/356/356 355/355/355
f 325/325/325 324/324/324 357/357/357
f 325/325/325 357/357/357 358/358/358
f 324/324/324 326/326/326 359/359/359
f 324/324/324 359/359/359 357/357/357
f 326/326/326 327/327/327 360/360/360
f 326/326/326 360/360/360 359/359/359
f 327/327/327 328/328/328 361/361/361
f 327/327/327 361/361/361 360/360/360
f 328/328/328 329/329/329 362/362/362
f 328/328/328 362/362/362 361/361/361
f 329/329/329 330/330/330 363/363/363
f 329/329/329 363/363/363 362/362/362
f 330/330/330 331/331/331 364/364/364
f 330/330/330 364/364/364 363/363/363
f 331/331/331 332/332/332 365/365/365
f 331/331/331 365/365/365 364/364/364
f 332/332/332 333/333/333 366/366/366
f 332/332/332 366/366/366 365/365/365
f 333/333/333 334/334/334 367/367/367
f 333/333/333 367/367/367 366/366/366
f 334/334/334 335/335/335 368/368/368
f 334/334/334 368/368/368 367/367/367
f 335/335/335 336/336/336 369/369/369
f 335/335/335 369/369/369 368/368/368
f 336/336/336 337/337/337 370/370/370
f 336/336/336 370/370/370 369/369/369
f 337/337/337 338/338/338 371/371/371
f 337/337/337 371/371/371 370/370/370
f 338/338/338 339/339/339 372/372/372
f 338/338/338 372/372/372 371/371/371
f 339/339/339 340/340/340 373/373/373
f 339/339/339 373/373/373 372/372/372
f 340/340/340 341/341/341 374/374/374
f 340/340/340 374/374/374 373/373/373
f 341/341/341 342/342/342 375/375/375
f 341/341/341 375/375/375 374/374/374
f 342/342/342 343/343/343 376/376/376
f 342/342/342 376/376/376 375/375/375
f 343/343/343 344/344/344 377/377/377
f 343/343/343 377/377/377 376/376/376
f 344/344/344 345/345/345 378/378/378
f 344/344/344 378/378/378 377/377/377
f 345/345/345 346/346/346 379/379/379
f 345/345/345 379/379/379 378/378/378
f 346/346/346 347/347/347 380/380/380
f 346/346/346 380/380/380 379/379/379
f 347/347/347 348/348/348 381/381/381
f 347/347/347 381/381/381 380/380/380
f 348/348/348 349/349/349 382/382/382
f 348/348/348 382/382/382 381/381/381
f 349/349/349 350/350/350 383/383/383
f 349/349/349 383/383/383 382/382/382
f 350/350/350 351/351/351 384/384/384
f 350/350/350 384/384/384 383/383/383
f 351/351/351 352/352/352 385/385/385
f 351/351/351 385/385/385 384/384/384
f 352/352/352 353/353/353 386/386/386
f 352/352/352 386/386/386 385/385/385
f 353/353/353 354/354/354 387/387/387
f 353/353/353 387/387/387 386/386/386
f 354/354/354 355/355/355 388/388/388
f 354/354/354 388/388/388 387/387/387
f 355/355/355 356/356/356 389/389/389
f 355/355/355 389/389/389 388/388/388
f 358/358/358 357/357/357 390/390/390
f 358/358/358 390/390/390 391/391/391
f 357/357/357 359/359/359 392/392/392
f 357/357/357 392/392/392 390/390/390
f 359/359/359 360/360/360 393/393/393
f 359/359/359 393/393/393 392/392/392
f 360/360/360 361/361/361 394/394/394
f 360/360/360 394/394/394 393/393/393
f 361/361/361 362/362/362 395/395/395
f 361/361/361 395/395/395 394/394/394
f 362/362/362 363/363/363 396/396/396
f 362/362/362 396/396/396 395/395/395
f 363/363/363 364/364/364 397/397/397
f 363/363/363 397/397/397 396/396/396
f 364/364/364 365/365/365 398/398/398
f 364/364/364 398/398/398 397/397/397
f 365/365/365 366/366/366 399/399/399
f 365/365/365 399/399/399 398/398/398
f 366/366/366 367/367/367 400/400/400
f 366/366/366 400/400/400 399/399/399
f 367/367/367 368/368/368 401/401/401
f 367/367/367 401/401/401 400/400/400
f 368/368/368 369/369/369 402/402/402
f 368/368/368 402/402/402 401/401/401
f 369/369/369 370/370/370 403/403/403
f 369/369/369 403/403/403 402/402/402
f 370/370/370 371/371/371 404/404/404
f 370/370/370 404/404/404 403/403/403
f 371/371/371 372/372/372 405/405/405
f 371/371/371 405/405/405 404/404/404
f 372/372/372 373/373/373 406/406/406
f 372/372/372 406/406/406 405/405/405
f 373/373/373 374/374/374 407/407/407
f 373/373/373 407/407/407 406/406/406
f 374/374/374 375/375/375 408/408/408
f 374/374/374 408/408/408 407/407/407
f 375/375/375 376/376/376 409/409/409
f 375/375/375 409/409/409 408/408/408
f 376/376/376 377/377/377 410/410/410
f 376/376/376 410/410/410 409/409/409
f 377/377/377 378/378/378 411/411/411
f 377/377/377 411/411/411 410/410/410
f 378/378/378 379/379/379 412/412/412
f 378/378/378 412/412/412 411/411/411
f 379/379/379 380/380/380 413/413/413
f 379/379/379 413/413/413 412/412/412
f 380/380/380 381/381/381 414/414/414
f 380/380/380 414/414/414 413/413/413
f 381/381/381 382/382/382 415/415/415
f 381/381/381 415/415/415 414/414/414
f 382/382/382 383/383/383 416/416/416
f 382/382/382 416/416/416 415/415/415
f 383/383/383 384/384/384 417/417/417
f 383/383/383 417/417/417 416/416/416
f 384/384/384 385/385/385 418/418/418
f 384/384/384 418/418/418 417/417/417
f 385/385/385 386/386/386 419/419/419
f 385/385/385 419/419/419 418/418/418
f 386/386/386 387/387/387 420/420/420
f 386/386/386 420/420/420 419/419/419
f 387/387/387 388/388/388 421/421/421
f 387/387/387 421/421/421 420/420/420
f 388/388/388 389/389/389 422/422/422
f 388/388/388 422/422/422 421/421/421
f 391/391/391 390/390/390 423/423/423
f 391/391/391 423/423/423 424/424/424
f 390/390/390 392/392/392 425/425/425
f 390/390/390 425/425/425 423/423/423
f 392/392/392 393/393/393 426/426/426
f 392/392/392 426/426/426 425/425/425
f 393/393/393 394/394/394 427/427/427
f 393/393/393 427/427/427 426/426/426
f 394/394/394 395/395/395 428/428/428
f 394/394/394 428/428/428 427/427/427
f 395/395/395 396/396/396 429/429/429
f 395/395/395 429/429/429 428/428/428
f 396/396/396 397/397/397 430/430/430
f 396/396/396 430/430/430 429/429/429
f 397/397/397 398/398/398 431/431/431
f 397/397/397 431/431/431 430/430/430
f 398/398/398 399/399/399 432/432/432
f 398/398/398 432/432/432 431/431/431
f 399/399/399 400/400/400 433/433/433
f 399/399/399 433/433/433 432/432/432
f 400/400/400 401/401/401 434/434/434
f 400/400/400 434/434/434 433/433/433
f 401/401/401 402/402/402 435/435/435
f 401/401/401 435/435/435 434/434/434
f 402/402/402 403/403/403 436/436/436
f 402/402/402 436/436/436 435/435/435
f 403/403/403 404/404/404 437/437/437
f 403/403/403 437/437/437 436/436/436
f 404/404/404 405/405/405 438/438/438
f 404/404/404 438/438/438 437/437/437
f 405/405/405 406/406/406 439/439/439
f 405/405/405 439/439/439 438/438/438
f 406/406/406 407/407/407 440/440/440
f 406/406/406 440/440/440 439/439/439
f 407/407/407 408/408/408 441/441/441
f 407/407/407 441/441/441 440/440/440
f 408/408/408 409/409/409 442/442/442
f 408/408/408 442/442/442 441/441/441
f 409/409/409 410/410/410 443/443/443
f 409/409/409 443/443/443 442/442/442
f 410/410/410 411/411/411 444/444/444
f 410/410/410 444/444/444 443/443/443
f 411/411/411 412/412/412 445/445/445
f 411/411/411 445/445/445 444/444/444
f 412/412/412 413/413/413 446/446/446
f 412/412/412 446/446/446 445/445/445
f 413/413/413 414/414/414 447/447/447
f 413/413/413 447/447/447 446/446/446
f 414/414/414 415/415/415 448/448/448
f 414/414/414 448/448/448 447/447/447
f 415/415/415 416/416/416 449/449/449
f 415/415/415 449/449/449 448/448/448
f 416/416/416 417/417/417 450/450/450
f 416/416/416 450/450/450 449/449/449
f 417/417/417 418/418/418 451/451/451
f 417/417/417 451/451/451 450/450/450
f 418/418/418 419/419/419 452/452/452
f 418/418/418 452/452/452 451/451/451
f 419/419/419 420/420/420 453/453/453
f 419/419/419 453/453/453 452/452/452
f 420/420/420 421/421/421 454/454/454
f 420/420/420 454/454/454 453/453/453
f 421/421/421 422/422/422 455/455/455
f 421/421/421 455/455/455 454/454/454
f 424/424/424 423/423/423 456/456/456
f 424/424/424 456/456/456 457/457/457
f 423/423/423 425/425/425 458/458/458
f 423/423/423 458/458/458 456/456/456
f 425/425/425 426/426/426 459/459/459
f 425/425/425 459/459/459 458/458/458
f 426/426/426 427/427/427 460/460/460
f 426/426/426 460/460/460 459/459/459
f 427/427/427 428/428/428 461/461/461
f 427/427/427 461/461/461 460/460/460
f 428/428/428 429/429/429 462/462/462
f 428/428/428 462/462/462 461/461/461
f 429/429/429 430/430/430 463/463/463
f 429/429/429 463/463/463 462/462/462
f 430/430/430 431/431/431 464/464/464
f 430/430/430 464/464/464 463/463/463
f 431/431/431 432/432/432 465/465/465
f 431/431/431 465/465/465 464/464/464
f 432/432/432 433/433/433 466/466/466
f 432/432/432 466/466/466 465/465/465
f 433/433/433 434/434/434 467/467/467
f 433/433/433 467/467/467 466/466/466
f 434/434/434 435/435/435 468/468/468
f 434/434/434 468/468/468 467/467/467
f 435/435/435 436/436/436 469/469/469
f 435/435/435 469/469/469 468/468/468
f 436/436/436 437/437/437 470/470/470
f 436/436/436 470/470/470 469/469/469
f 437/437/437 438/438/438 471/471/471
f 437/437/437 471/471/471 470/470/470
f 438/438/438 439/439/439 472/472/472
f 438/438/438 472/472/472 471/471/471
f 439/439/439 440/440/440 473/473/473
f 439/439/439 473/473/473 472/472/472
f 440/440/440 441/441/441 474/474/474
f 440/440/440 474/474/474 473/473/473
f 441/441/441 442/442/442 475/475/475
f 441/441/441 475/475/475 474/474/474
f 442/442/442 443/443/443 476/476/476
f 442/442/442 476/476/476 475/475/475
f 443/443/443 444/444/444 477/477/477
f 443/443/443 477/477/477 476/476/476
f 444/444/444 445/445/445 478/478/478
f 444/444/444 478/478/478 477/477/477
f 445/445/445 446/446/446 479/479/479
f 445/445/445 479/479/479 478/478/478
f 446/446/446 447/447/447 480/480/480
f 446/446/446 480/480/480 479/479/479
f 447/447/447 448/448/448 481/481/481
f 447/447/447 481/481/481 480/480/480
f 448/448/448 449/449/449 482/482/482
f 448/448/448 482/482/482 481/481/481
f 449/449/449 450/450/450 483/483/483
f 449/449/449 483/483/483 482/482/482
f 450/450/450 451/451/451 484/484/484
f 450/450/450 484/484/484 483/483/483
f 451/451/451 452/452/452 485/485/485
f 451/451/451 485/485/485 484/484/484
f 452/452/452 453/453/453 486/486/486
f 452/452/452 486/486/486 485/485/485
f 453/453/453 454/454/454 487/487/487
f 453/453/453 487/487/487 486/486/486
f 454/454/454 455/455/455 488/488/488
f 454/454/454 488/488/488 487/487/487
f 457/457/457 456/456/456 489/489/489
f 457/457/457 489/489/489 490/490/490
f 456/456/456 458/458/458 491/491/491
f 456/456/456 491/491/491 489/489/489
f 458/458/458 459/459/459 492/492/492
f 458/458/458 492/492/492 491/491/491
f 459/459/459 460/460/460 493/493/493
f 459/459/459 493/493/493 492/492/492
f 460/460/460 461/461/461 494/494/494
f 460/460/460 494/494/494 493/493/493
f 461/461/461 462/462/462 495/495/495
f 461/461/461 495/495/495 494/494/494
f 462/462/462 463/463/463 496/496/496
f 462/462/462 496/496/496 495/495/495
f 463/463/463 464/464/464 497/497/497
f 463/463/463 497/497/497 496/496/496
f 464/464/464 465/465/465 498/498/498
f 464/464/464 498/498/498 497/497/497
f 465/465/465 466/466/466 499/499/499
f 465/465/465 499/499/499 498/498/498
f 466/466/466 467/467/467 500/500/500
f 466/466/466 500/500/500 499/499/499
f 467/467/467 468/468/468 501/501/501
f 467/467/467 501/501/501 500/500/500
f 468/468/468 469/469/469 502/502/502
f 468/468/468 502/502/502 501/501/501
f 469/469/469 470/470/470 503/503/503
f 469/469/469 503/503/503 502/502/502
f 470/470/470 471/471/471 504/504/504
f 470/470/470 504/504/504 503/503/503
f 471/471/471 472/472/472 505/505/505
f 471/471/471 505/505/505 504/504/504
f 472/472/472 473/473/473 506/506/506
f 472/472/472 506/506/506 505/505/505
f 473/473/473 474/474/474 507/507/507
f 473/473/473 507/507/507 506/506/506
f 474/474/474 475/475/475 508/508/508
f 474/474/474 508/508/508 507/507/507
f 475/475/475 476/476/476 509/509/509
f 475/475/475 509/509/509 508/508/508
f 476/476/476 477/477/477 510/510/510
f 476/476/476 510/510/510 509/509/509
f 477/477/477 478/478/478 511/511/511
f 477/477/477 511/511/511 510/510/510
f 478/478/478 479/479/479 512/512/512
f 478/478/478 512/512/512 511/511/511
f 479/479/479 480/480/480 513/513/513
f 479/479/479 513/513/513 512/512/512
f 480/480/480 481/481/481 514/514/514
f 480/480/480 514/514/514 513/513/513
f 481/481/481 482/482/482 515/515/515
f 481/481/481 515/515/515 514/514/514
f 482/482/482 483/483/483 516/516/516
f 482/482/482 516/516/516 515/515/515
f 483/483/483 484/484/484 517/517/517
f 483/483/483 517/517/517 516/516/516
f 484/484/484 485/485/485 518/518/518
f 484/484/484 518/518/518 517/517/517
f 485/485/485 486/486/486 519/519/519
f 485/485/485 519/519/519 518/518/518
f 486/486/486 487/487/487 520/520/520
f 486/486/486 520/520/520 519/519/519
f 487/487/487 488/488/488 521/521/521
f 487/487/487 521/521/521 520/520/520
f 490/490/490 489/489/489 522/522/522
f 490/490/490 522/522/522 523/523/523
f 489/489/489 491/491/491 524/524/524
f 489/489/489 524/524/524 522/522/522
f 491/491/491 492/492/492 525/525/525
f 491/491/491 525/525/525 524/524/524
f 492/492/492 493/493/493 526/526/526
f 492/492/492 526/526/526 525/525/525
f 493/493/493 494/494/494 527/527/527
f 493/493/493 527/527/527 526/526/526
f 494/494/494 495/495/495 528/528/528
f 494/494/494 528/528/528 527/527/527
f 495/495/495 496/496/496 529/529/529
f 495/495/495 529/529/529 528/528/528
f 496/496/496 497/497/497 530/530/530
f 496/496/496 530/530/530 529/529/529
f 497/497/497 498/498/498 531/531/531
f 497/497/497 531/531/531 530/530/530
f 498/498/498 499/499/499 532/532/532
f 498/498/498 532/532/532 531/531/531
f 499/499/499 500/500/500 533/533/533
f 499/499/499 533/533/533 532/532/532
f 500/500/500 501/501/501 534/534/534
f 500/500/500 534/534/534 533/533/533
f 501/501/501 502/502/502 535/535/535
f 501/501/501 535/535/535 534/534/534
f 502/502/502 503/503/503 536/536/536
f 502/502/502 536/536/536 535/535/535
f 503/503/503 504/504/504 537/537/537
f 503/503/503 537/537/537 536/536/536
f 504/504/504 505/505/505 538/538/538
f 504/504/504 538/538/538 537/537/537
f 505/505/505 506/506/506 539/539/539
f 505/505/505 539/539/539 538/538/538
f 506/506/506 507/507/507 540/540/540
f 506/506/506 540/540/540 539/539/539
f 507/507/507 508/508/508 541/541/541
f 507/507/507 541/541/541 540/540/540
f 508/508/508 509/509/509 542/542/542
f 508/508/508 542/542/542 541/541/541
f 509/509/509 510/510/510 543/543/543
f 509/509/509 543/543/543 542/542/542
f 510/510/510 511/511/511 544/544/544
f 510/510/510 544/544/544 543/543/543
f 511/511/511 512/512/512 545/545/545
f 511/511/511 545/545/545 544/544/544
f 512/512/512 513/513/513 546/546/546
f 512/512/512 546/546/546 545/545/545
f 513/513/513 514/514/514 547/547/547
f 513/513/513 547/547/547 546/546/546
f 514/514/514 515/515/515 548/548/548
f 514/514/514 548/548/548 547/547/547
f 515/515/515 516/516/516 549/549/549
f 515/515/515 549/549/549 548/548/548
f 516/516/516 517/517/517 550/550/550
f 516/516/516 550/550/550 549/549/549
f 517/517/517 518/518/518 551/551/551
f 517/517/517 551/551/551 550/550/550
f 518/518/518 519/519/519 552/552/552
f 518/518/518 552/552/552 551/551/551
f 519/519/519 520/520/520 553/553/553
f 519/519/519 553/553/553 552/552/552
f 520/520/520 521/521/521 554/554/554
f 520/520/520 554/554/554 553/553/553
f 523/523/523 522/522/522 555/555/555
f 523/523/523 555/555/555 556/556/556
f 522/522/522 524/524/524 557/557/557
f 522/522/522 557/557/557 555/555/555
f 524/524/524 525/525/525 558/558/558
f 524/524/524 558/558/558 557/557/557
f 525/525/525 526/526/526 559/559/559
f 525/525/525 559/559/559 558/558/558
f 526/526/526 527/527/527 560/560/560
f 526/526/526 560/560/560 559/559/559
f 527/527/527 528/528/528 561/561/561
f 527/527/527 561/561/561 560/560/560
f 528/528/528 529/529/529 562/562/562
f 528/528/528 562/562/562 561/561/561
f 529/529/529 530/530/530 563/563/563
f 529/529/529 563/563/563 562/562/562
f 530/530/530 531/531/531 564/564/564
f 530/530/530 564/564/564 563/563/563
f 531/531/531 532/532/532 565/565/565
f 531/531/531 565/565/565 564/564/564
f 532/532/532 533/533/533 566/566/566
f 532/532/532 566/566/566 565/565/565
f 533/533/533 534/534/534 567/567/567
f 533/533/533 567/567/567 566/566/566
f 534/534/534 535/535/535 568/568/568
f 534/534/534 568/568/568 567/567/567
f 535/535/535 536/536/536 569/569/569
f 535/535/535 569/569/569 568/568/568
f 536/536/536 537/537/537 570/570/570
f 536/536/536 570/570/570 569/569/569
f 537/537/537 538/538/538 571/571/571
f 537/537/537 571/571/571 570/570/570
f 538/538/538 539/539/539 572/572/572
f 538/538/538 572/572/572 571/571/571
f 539/539/539 540/540/540 573/573/573
f 539/539/539 573/573/573 572/572/572
f 540/540/540 541/541/541 574/574/574
f 540/540/540 574/574/574 573/573/573
f 541/541/541 542/542/542 575/575/575
f 541/541/541 575/575/575 574/574/574
f 542/542/542 543/543/543 576/576/576
f 542/542/542 576/576/576 575/575/575
f 543/543/543 544/544/544 577/577/577
f 543/543/543 577/577/577 576/576/576
f 544/544/544 545/545/545 578/578/578
f 544/544/544 578/578/578 577/577/577
f 545/545/545 546/546/546 579/579/579
f 545/545/545 579/579/579 578/578/578
f 546/546/546 547/547/547 580/580/580
f 546/546/546 580/580/580 579/579/579
f 547/547/547 548/548/548 581/581/581
f 547/547/547 581/581/581 580/580/580
f 548/548/548 549/549/549 582/582/582
f 548/548/548 582/582/582 581/581/581
f 549/549/549 550/550/550 583/583/583
f 549/549/549 583/583/583 582/582/582
f 550/550/550 551/551/551 584/584/584
f 550/550/550 584/584/584 583/583/583
f 551/551/551 552/552/552 585/585/585
f 551/551/551 585/585/585 584/584/584
f 552/552/552 553/553/553 586/586/586
f 552/552/552 586/586/586 585/585/585
f 553/553/553 554/554/554 587/587/587
f 553/553/553 587/587/587 586/586/586
f 556/556/556 555/555/555 588/588/588
f 556/556/556 588/588/588 589/589/589
f 555/555/555 557/557/557 590/590/590
f 555/555/555 590/590/590 588/588/588
f 557/557/557 558/558/558 591/591/591
f 557/557/557 591/591/591 590/590/590
f 558/558/558 559/559/559 592/592/592
f 558/558/558 592/592/592 591/591/591
f 559/559/559 560/560/560 593/593/593
f 559/559/559 593/593/593 592/592/592
f 560/560/560 561/561/561 594/594/594
f 560/560/560 594/594/594 593/593/593
f 561/561/561 562/562/562 595/595/595
f 561/561/561 595/595/595 594/594/594
f 562/562/562 563/563/563 596/596/596
f 562/562/562 596/596/596 595/595/595
f 563/563/563 564/564/564 597/597/597
f 563/563/563 597/597/597 596/596/596
f 564/564/564 565/565/565 598/598/598
f 564/564/564 598/598/598 597/597/597
f 565/565/565 566/566/566 599/599/599
f 565/565/565 599/599/599 598/598/598
f 566/566/566 567/567/567 600/600/600
f 566/566/566 600/600/600 599/599/599
f 567/567/567 568/568/568 601/601/601
f 567/567/567 601/601/601 600/600/600
f 568/568/568 569/569/569 602/602/602
f 568/568/568 602/602/602 601/601/601
f 569/569/569 570/570/570 603/603/603
f 569/569/569 603/603/603 602/602/602
f 570/570/570 571/571/571 604/604/604
f 570/570/570 604/604/604 603/603/603
f 571/571/571 572/572/572 605/605/605
f 571/571/571 605/605/605 604/604/604
f 572/572/572 573/573/573 606/606/606
f 572/572/572 606/606/606 605/605/605
f 573/573/573 574/574/574 607/607/607
f 573/573/573 607/607/607 606/606/606
f 574/574/574 575/575/575 608/608/608
f 574/574/574 608/608/608 607/607/607
f 575/575/575 576/576/576 609/609/609
f 575/575/575 609/609/609 608/608/608
f 576/576/576 577/577/577 610/610/610
f 576/576/576 610/610/610 609/609/609
f 577/577/577 578/578/578 611/611/611
f 577/577/577 611/611/611 610/610/610
f 578/578/578 579/579/579 612/612/612
f 578/578/578 612/612/612 611/611/611
f 579/579/579 580/580/580 613/613/613
f 579/579/579 613/613/613 612/612/612
f 580/580/580 581/581/581 614/614/614
f 580/580/580 614/614/614 613/613/613
f 581/581/581 582/582/582 615/615/615
f 581/581/581 615/615/615 614/614/614
f 582/582/582 583/583/583 616/616/616
f 582/582/582 616/616/616 615/615/615
f 583/583/583 584/584/584 617/617/617
f 583/583/583 617/617/617 616/616/616
f 584/584/584 585/585/585 618/618/618
f 584/584/584 618/618/618 617/617/617
f 585/585/585 586/586/586 619/619/619
f 585/585/585 619/619/619 618/618/618
f 586/586/586 587/587/587 620/620/620
f 586/586/586 620/620/620 619/619/619
f 589/589/589 588/588/588 621/621/621
f 589/589/589 621/621/621 622/622/622
f 588/588/588 590/590/590 623/623/623
f 588/588/588 623/623/623 621/621/621
f 590/590/590 591/591/591 624/624/624
f 590/590/590 624/624/624 623/623/623
f 591/591/591 592/592/592 625/625/625
f 591/591/591 625/625/625 624/624/624
f 592/592/592 593/593/593 626/626/626
f 592/592/592 626/626/626 625/625/625
f 593/593/593 594/594/594 627/627/627
f 593/593/593 627/627/627 626/626/626
f 594/594/594 595/595/595 628/628/628
f 594/594/594 628/628/628 627/627/627
f 595/595/595 596/596/596 629/629/629
f 595/595/595 629/629/629 628/628/628
f 596/596/596 597/597/597 630/630/630
f 596/596/596 630/630/630 629/629/629
f 597/597/597 598/598/598 631/631/631
f 597/597/597 631/631/631 630/630/630
f 598/598/598 599/599/599 632/632/632
f 598/598/598 632/632/632 631/631/631
f 599/599/599 600/600/600 633/633/633
f 599/599/599 633/633/633 632/632/632
f 600/600/600 601/601/601 634/634/634
f 600/600/600 634/634/634 633/633/633
f 601/601/601 602/602/602 635/635/635
f 601/601/601 635/635/635 634/634/634
f 602/602/602 603/603/603 636/636/636
f 602/602/602 636/636/636 635/635/635
f 603/603/603 604/604/604 637/637/637
f 603/603/603 637/637/637 636/636/636
f 604/604/604 605/605/605 638/638/638
f 604/604/604 638/638/638 637/637/637
f 605/605/605 606/606/606 639/639/639
f 605/605/605 639/639/639 638/638/638
f 606/606/606 607/607/607 640/640/640
f 606/606/606 640/640/640 639/639/639
f 607/607/607 608/608/608 641/641/641
f 607/607/607 641/641/641 640/640/640
f 608/608/608 609/609/609 642/642/642
f 608/608/608 642/642/642 641/641/641
f 609/609/609 610/610/610 643/643/643
f 609/609/609 643/643/643 642/642/642
f 610/610/610 611/611/611 644/644/644
f 610/610/610 644/644/644 643/643/643
f 611/611/611 612/612/612 645/645/645
f 611/611/611 645/645/645 644/644/644
f 612/612/612 613/613/613 646/646/646
f 612/612/612 646/646/646 645/645/645
f 613/613/613 614/614/614 647/647/647
f 613/613/613 647/647/647 646/646/646
f 614/614/614 615/615/615 648/648/648
f 614/614/614 648/648/648 647/647/647
f 615/615/615 616/616/616 649/649/649
f 615/615/615 649/649/649 648/648/648
f 616/616/616 617/617/617 650/650/650
f 616/616/616 650/650/650 649/649/649
f 617/617/617 618/618/618 651/651/651
f 617/617/617 651/651/651 650/650/650
f 618/618/618 619/619/619 652/652/652
f 618/618/618 652/652/652 651/651/651
f 619/619/619 620/620/620 653/653/653
f 619/619/619 653/653/653 652/652/652
f 622/622/622 621/621/621 654/654/654
f 622/622/622 654/654/654 655/655/655
f 621/621/621 623/623/623 656/656/656
f 621/621/621 656/656/656 654/654/654
f 623/623/623 624/624/624 657/657/657
f 623/623/623 657/657/657 656/656/656
f 624/624/624 625/625/625 658/658/658
f 624/624/624 658/658/658 657/657/657
f 625/625/625 626/626/626 659/659/659
f 625/625/625 659/659/659 658/658/658
f 626/626/626 627/627/627 660/660/660
f 626/626/626 660/660/660 659/659/659
f 627/627/627 628/628/628 661/661/661
f 627/627/627 661/661/661 660/660/660
f 628/628/628 629/629/629 662/662/662
f 628/628/628 662/662/662 661/661/661
f 629/629/629 630/630/630 663/663/663
f 629/629/629 663/663/663 662/662/662
f 630/630/630 631/631/631 664/664/664
f 630/630/630 664/664/664 663/663/663
f 631/631/631 632/632/632 665/665/665
f 631/631/631 665/665/665 664/664/664
f 632/632/632 633/633/633 666/666/666
f 632/632/632 666/666/666 665/665/665
f 633/633/633 634/634/634 667/667/667
f 633/633/633 667/667/667 666/666/666
f 634/634/634 635/635/635 668/668/668
f 634/634/634 668/668/668 667/667/667
f 635/635/635 636/636/636 669/669/669
f 635/635/635 669/669/669 668/668/668
f 636/636/636 637/637/637 670/670/670
f 636/636/636 670/670/670 669/669/669
f 637/637/637 638/638/638 671/671/671
f 637/637/637 671/671/671 670/670/670
f 638/638/638 639/639/639 672/672/672
f 638/638/638 672/672/672 671/671/671
f 639/639/639 640/640/640 673/673/673
f 639/639/639 673/673/673 672/672/672
f 640/640/640 641/641/641 674/674/674
f 640/640/640 674/674/674 673/673/673
f 641/641/641 642/642/642 675/675/675
f 641/641/641 675/675/675 674/674/674
f 642/642/642 643/643/643 676/676/676
f 642/642/642 676/676/676 675/675/675
f 643/643/643 644/644/644 677/677/677
f 643/643/643 677/677/677 676/676/676
f 644/644/644 645/645/645 678/678/678
f 644/644/644 678/678/678 677/677/677
f 645/645/645 646/646/646 679/679/679
f 645/645/645 679/679/679 678/678/678
f 646/646/646 647/647/647 680/680/680
f 646/646/646 680/680/680 679/679/679
f 647/647/647 648/648/648 681/681/681
f 647/647/647 681/681/681 680/680/680
f 648/648/648 649/649/649 682/682/682
f 648/648/648 682/682/682 681/681/681
f 649/649/649 650/650/650 683/683/683
f 649/649/649 683/683/683 682/682/682
f 650/650/650 651/651/651 684/684/684
f 650/650/650 684/684/684 683/683/683
f 651/651/651 652/652/652 685/685/685
f 651/651/651 685/685/685 684/684/684
f 652/652/652 653/653/653 686/686/686
f 652/652/652 686/686/686 685/685/685
f 655/655/655 654/654/654 687/687/687
f 655/655/655 687/687/687 688/688/688
f 654/654/654 656/656/656 689/689/689
f 654/654/654 689/689/689 687/687/687
f 656/656/656 657/657/657 690/690/690
f 656/656/656 690/690/690 689/689/689
f 657/657/657 658/658/658 691/691/691
f 657/657/657 691/691/691 690/690/690
f 658/658/658 659/659/659 692/692/692
f 658/658/658 692/692/692 691/691/691
f 659/659/659 660/660/660 693/693/693
f 659/659/659 693/693/693 692/692/692
f 660/660/660 661/661/661 694/694/694
f 660/660/660 694/694/694 693/693/693
f 661/661/661 662/662/662 695/695/695
f 661/661/661 695/695/695 694/694/694
f 662/662/662 663/663/663 696/696/696
f 662/662/662 696/696/696 695/695/695
f 663/663/663 664/664/664 697/697/697
f 663/663/663 697/697/697 696/696/696
f 664/664/664 665/665/665 698/698/698
f 664/664/664 698/698/698 697/697/697
f 665/665/665 666/666/666 699/699/699
f 665/665/665 699/699/699 698/698/698
f 666/666/666 667/667/667 700/700/700
f 666/666/666 700/700/700 699/699/699
f 667/667/667 668/668/668 701/701/701
f 667/667/667 701/701/701 700/700/700
f 668/668/668 669/669/669 702/702/702
f 668/668/668 702/702/702 701/701/701
f 669/669/669 670/670/670 703/703/703
f 669/669/669 703/703/703 702/702/702
f 670/670/670 671/671/671 704/704/704
f 670/670/670 704/704/704 703/703/703
f 671/671/671 672/672/672 705/705/705
f 671/671/671 705/705/705 704/704/704
f 672/672/672 673/673/673 706/706/706
f 672/672/672 706/706/706 705/705/705
f 673/673/673 674/674/674 707/707/707
f 673/673/673 707/707/707 706/706/706
f 674/674/674 675/675/675 708/708/708
f 674/674/674 708/708/708 707/707/707
f 675/675/675 676/676/676 709/709/709
f 675/675/675 709/709/709 708/708/708
f 676/676/676 677/677/677 710/710/710
f 676/676/676 710/710/710 709/709/709
f 677/677/677 678/678/678 711/711/711
f 677/677/677 711/711/711 710/710/710
f 678/678/678 679/679/679 712/712/712
f 678/678/678 712/712/712 711/711/711
f 679/679/679 680/680/680 713/713/713
f 679/679/679 713/713/713 712/712/712
f 680/680/680 681/681/681 714/714/714
f 680/680/680 714/714/714 713/713/713
f 681/681/681 682/682/682 715/715/715
f 681/681/681 715/715/715 714/714/714
f 682/682/682 683/683/683 716/716/716
f 682/682/682 716/716/716 715/715/715
f 683/683/683 684/684/684 717/717/717
f 683/683/683 717/717/717 716/716/716
f 684/684/684 685/685/685 718/718/718
f 684/684/684 718/718/718 717/717/717
f 685/685/685 686/686/686 719/719/719
f 685/685/685 719/719/719 718/718/718
f 688/688/688 687/687/687 720/720/720
f 688/688/688 720/720/720 721/721/721
f 687/687/687 689/689/689 722/722/722
f 687/687/687 722/722/722 720/720/720
f 689/689/689 690/690/690 723/723/723
f 689/689/689 723/723/723 722/722/722
f 690/690/690 691/691/691 724/724/724
f 690/690/690 724/724/724 723/723/723
f 691/691/691 692/692/692 725/725/725
f 691/691/691 725/725/725 724/724/724
f 692/692/692 693/693/693 726/726/726
f 692/692/692 726/726/726 725/725/725
f 693/693/693 694/694/694 727/727/727
f 693/693/693 727/727/727 726/726/726
f 694/694/694 695/695/695 728/728/728
f 694/694/694 728/728/728 727/727/727
f 695/695/695 696/696/696 729/729/729
f 695/695/695 729/729/729 728/728/728
f 696/696/696 697/697/697 730/730/730
f 696/696/696 730/730/730 729/729/729
f 697/697/697 698/698/698 731/731/731
f 697/697/697 731/731/731 730/730/730
f 698/698/698 699/699/699 732/732/732
f 698/698/698 732/732/732 731/731/731
f 699/699/699 700/700/700 733/733/733
f 699/699/699 733/733/733 732/732/732
f 700/700/700 701/701/701 734/734/734
f 700/700/700 734/734/734 733/733/733
f 701/701/701 702/702/702 735/735/735
f 701/701/701 735/735/735 734/734/734
f 702/702/702 703/703/703 736/736/736
f 702/702/702 736/736/736 735/735/735
f 703/703/703 704/704/704 737/737/737
f 703/703/703 737/737/737 736/736/736
f 704/704/704 705/705/705 738/738/738
f 704/704/704 738/738/738 737/737/737
f 705/705/705 706/706/706 739/739/739
f 705/705/705 739/739/739 738/738/738
f 706/706/706 707/707/707 740/740/740
f 706/706/706 740/740/740 739/739/739
f 707/707/707 708/708/708 741/741/741
f 707/707/707 741/741/741 740/740/740
f 708/708/708 709/709/709 742/742/742
f 708/708/708 742/742/742 741/741/741
f 709/709/709 710/710/710 743/743/743
f 709/709/709 743/743/743 742/742/742
f 710/710/710 711/711/711 744/744/744
f 710/710/710 744/744/744 743/743/743
f 711/711/711 712/712/712 745/745/745
f 711/711/711 745/745/745 744/744/744
f 712/712/712 713/713/713 746/746/746
f 712/712/712 746/746/746 745/745/745
f 713/713/713 714/714/714 747/747/747
f 713/713/713 747/747/747 746/746/746
f 714/714/714 715/715/715 748/748/748
f 714/714/714 748/748/748 747/747/747
f 715/715/715 716/716/716 749/749/749
f 715/715/715 749/749/749 748/748/748
f 716/716/716 717/717/717 750/750/750
f 716/716/716 750/750/750 749/749/749
f 717/717/717 718/718/718 751/751/751
f 717/717/717 751/751/751 750/750/750
f 718/718/718 719/719/719 752/752/752
f 718/718/718 752/752/752 751/751/751
f 721/721/721 720/720/720 753/753/753
f 721/721/721 753/753/753 754/754/754
f 720/720/720 722/722/722 755/755/755
f 720/720/720 755/755/755 753/753/753
f 722/722/722 723/723/723 756/756/756
f 722/722/722 756/756/756 755/755/755
f 723/723/723 724/724/724 757/757/757
f 723/723/723 757/757/757 756/756/756
f 724/724/724 725/725/725 758/758/758
f 724/724/724 758/758/758 757/757/757
f 725/725/725 726/726/726 759/759/759
f 725/725/725 759/759/759 758/758/758
f 726/726/726 727/727/727 760/760/760
f 726/726/726 760/760/760 759/759/759
f 727/727/727 728/728/728 761/761/761
f 727/727/727 761/761/761 760/760/760
f 728/728/728 729/729/729 762/762/762
f 728/728/728 762/762/762 761/761/761
f 729/729/729 730/730/730 763/763/763
f 729/729/729 763/763/763 762/762/762
f 730/730/730 731/731/731 764/764/764
f 730/730/730 764/764/764 763/763/763
f 731/731/731 732/732/732 765/765/765
f 731/731/731 765/765/765 764/764/764
f 732/732/732 733/733/733 766/766/766
f 732/732/732 766/766/766 765/765/765
f 733/733/733 734/734/734 767/767/767
f 733/733/733 767/767/767 766/766/766
f 734/734/734 735/735/735 768/768/768
f 734/734/734 768/768/768 767/767/767
f 735/735/735 736/736/736 769/769/769
f 735/735/735 769/769/769 768/768/768
f 736/736/736 737/737/737 770/770/770
f 736/736/736 770/770/770 769/769/769
f 737/737/737 738/738/738 771/771/771
f 737/737/737 771/771/771 770/770/770
f 738/738/738 739/739/739 772/772/772
f 738/738/738 772/772/772 771/771/771
f 739/739/739 740/740/740 773/773/773
f 739/739/739 773/773/773 772/772/772
f 740/740/740 741/741/741 774/774/774
f 740/740/740 774/774/774 773/773/773
f 741/741/741 742/742/742 775/775/775
f 741/741/741 775/775/775 774/774/774
f 742/742/742 743/743/743 776/776/776
f 742/742/742 776/776/776 775/775/775
f 743/743/743 744/744/744 777/777/777
f 743/743/743 777/777/777 776/776/776
f 744/744/744 745/745/745 778/778/778
f 744/744/744 778/778/778 777/777/777
f 745/745/745 746/746/746 779/779/779
f 745/745/745 779/779/779 778/778/778
f 746/746/746 747/747/747 780/780/780
f 746/746/746 780/780/780 779/779/779
f 747/747/747 748/748/748 781/781/781
f 747/747/747 781/781/781 780/780/780
f 748/748/748 749/749/749 782/782/782
f 748/748/748 782/782/782 781/781/781
f 749/749/749 750/750/750 783/783/783
f 749/749/749 783/783/783 782/782/782
f 750/750/750 751/751/751 784/784/784
f 750/750/750 784/784/784 783/783/783
f 751/751/751 752/752/752 785/785/785
f 751/751/751 785/785/785 784/784/784
f 754/754/754 753/753/753 786/786/786
f 754/754/754 786/786/786 787/787/787
f 753/753/753 755/755/755 788/788/788
f 753/753/753 788/788/788 786/786/786
f 755/755/755 756/756/756 789/789/789
f 755/755/755 789/789/789 788/788/788
f 756/756/756 757/757/757 790/790/790
f 756/756/756 790/790/790 789/789/789
f 757/757/757 758/758/758 791/791/791
f 757/757/757 791/791/791 790/790/790
f 758/758/758 759/759/759 792/792/792
f 758/758/758 792/792/792 791/791/791
f 759/759/759 760/760/760 793/793/793
f 759/759/759 793/793/793 792/792/792
f 760/760/760 761/761/761 794/794/794
f 760/760/760 794/794/794 793/793/793
f 761/761/761 762/762/762 795/795/795
f 761/761/761 795/795/795 794/794/794
f 762/762/762 763/763/763 796/796/796
f 762/762/762 796/796/796 795/795/795
f 763/763/763 764/764/764 797/797/797
f 763/763/763 797/797/797 796/796/796
f 764/764/764 765/765/765 798/798/798
f 764/764/764 798/798/798 797/797/797
f 765/765/765 766/766/766 799/799/799
f 765/765/765 799/799/799 798/798/798
f 766/766/766 767/767/767 800/800/800
f 766/766/766 800/800/800 799/799/799
f 767/767/767 768/768/768 801/801/801
f 767/767/767 801/801/801 800/800/800
f 768/768/768 769/769/769 802/802/802
f 768/768/768 802/802/802 801/801/801
f 769/769/769 770/770/770 803/803/803
f 769/769/769 803/803/803 802/802/802
f 770/770/770 771/771/771 804/804/804
f 770/770/770 804/804/804 803/803/803
f 771/771/771 772/772/772 805/805/805
f 771/771/771 805/805/805 804/804/804
f 772/772/772 773/773/773 806/806/806
f 772/772/772 806/806/806 805/805/805
f 773/773/773 774/774/774 807/807/807
f 773/773/773 807/807/807 806/806/806
f 774/774/774 775/775/775 808/808/808
f 774/774/774 808/808/808 807/807/807
f 775/775/775 776/776/776 809/809/809
f 775/775/775 809/809/809 808/808/808
f 776/776/776 777/777/777 810/810/810
f 776/776/776 810/810/810 809/809/809
f 777/777/777 778/778/778 811/811/811
f 777/777/777 811/811/811 810/810/810
f 778/778/778 779/779/779 812/812/812
f 778/778/778 812/812/812 811/811/811
f 779/779/779 780/780/780 813/813/813
f 779/779/779 813/813/813 812/812/812
f 780/780/780 781/781/781 814/814/814
f 780/780/780 814/814/814 813/813/813
f 781/781/781 782/782/782 815/815/815
f 781/781/781 815/815/815 814/814/814
f 782/782/782 783/783/783 816/816/816
f 782/782/782 816/816/816 815/815/815
f 783/783/783 784/784/784 817/817/817
f 783/783/783 817/817/817 816/816/816
f 784/784/784 785/785/785 818/818/818
f 784/784/784 818/818/818 817/817/817
f 787/787/787 786/786/786 819/819/819
f 787/787/787 819/819/819 820/820/820
f 786/786/786 788/788/788 821/821/821
f 786/786/786 821/821/821 819/819/819
f 788/788/788 789/789/789 822/822/822
f 788/788/788 822/822/822 821/821/821
f 789/789/789 790/790/790 823/823/823
f 789/789/789 823/823/823 822/822/822
f 790/790/790 791/791/791 824/824/824
f 790/790/790 824/824/824 823/823/823
f 791/791/791 792/792/792 825/825/825
f 791/791/791 825/825/825 824/824/824
f 792/792/792 793/793/793 826/826/826
f 792/792/792 826/826/826 825/825/825
f 793/793/793 794/794/794 827/827/827
f 793/793/793 827/827/827 826/826/826
f 794/794/794 795/795/795 828/828/828
f 794/794/794 828/828/828 827/827/827
f 795/795/795 796/796/796 829/829/829
f 795/795/795 829/829/829 828/828/828
f 796/796/796 797/797/797 830/830/830
f 796/796/796 830/830/830 829/829/829
f 797/797/797 798/798/798 831/831/831
f 797/797/797 831/831/831 830/830/830
f 798/798/798 799/799/799 832/832/832
f 798/798/798 832/832/832 831/831/831
f 799/799/799 800/800/800 833/833/833
f 799/799/799 833/833/833 832/832/832
f 800/800/800 801/801/801 834/834/834
f 800/800/800 834/834/834 833/833/833
f 801/801/801 802/802/802 835/835/835
f 801/801/801 835/835/835 834/834/834
f 802/802/802 803/803/803 836/836/836
f 802/802/802 836/836/836 835/835/835
f 803/803/803 804/804/804 837/837/837
f 803/803/803 837/837/837 836/836/836
f 804/804/804 805/805/805 838/838/838
f 804/804/804 838/838/838 837/837/837
f 805/805/805 806/806/806 839/839/839
f 805/805/805 839/839/839 838/838/838
f 806/806/806 807/807/807 840/840/840
f 806/806/806 840/840/840 839/839/839
f 807/807/807 808/808/808 841/841/841
f 807/807/807 841/841/841 840/840/840
f 808/808/808 809/809/809 842/842/842
f 808/808/808 842/842/842 841/841/841
f 809/809/809 810/810/810 843/843/843
f 809/809/809 843/843/843 842/842/842
f 810/810/810 811/811/811 844/844/844
f 810/810/810 844/844/844 843/843/843
f 811/811/811 812/812/812 845/845/845
f 811/811/811 845/845/845 844/844/844
f 812/812/812 813/813/813 846/846/846
f 812/812/812 846/846/846 845/845/845
f 813/813/813 814/814/814 847/847/847
f 813/813/813 847/847/847 846/846/846
f 814/814/814 815/815/815 848/848/848
f 814/814/814 848/848/848 847/847/847
f 815/815/815 816/816/816 849/849/849
f 815/815/815 849/849/849 848/848/848
f 816/816/816 817/817/817 850/850/850
f 816/816/816 850/850/850 849/849/849
f 817/817/817 818/818/818 851/851/851
f 817/817/817 851/851/851 850/850/850
f 820/820/820 819/819/819 852/852/852
f 820/820/820 852/852/852 853/853/853
f 819/819/819 821/821/821 854/854/854
f 819/819/819 854/854/854 852/852/852
f 821/821/821 822/822/822 855/855/855
f 821/821/821 855/855/855 854/854/854
f 822/822/822 823/823/823 856/856/856
f 822/822/822 856/856/856 855/855/855
f 823/823/823 824/824/824 857/857/857
f 823/823/823 857/857/857 856/856/856
f 824/824/824 825/825/825 858/858/858
f 824/824/824 858/858/858 857/857/857
f 825/825/825 826/826/826 859/859/859
f 825/825/825 859/859/859 858/858/858
f 826/826/826 827/827/827 860/860/860
f 826/826/826 860/860/860 859/859/859
f 827/827/827 828/828/828 861/861/861
f 827/827/827 861/861/861 860/860/860
f 828/828/828 829/829/829 862/862/862
f 828/828/828 862/862/862 861/861/861
f 829/829/829 830/830/830 863/863/863
f 829/829/829 863/863/863 862/862/862
f 830/830/830 831/831/831 864/864/864
f 830/830/830 864/864/864 863/863/863
f 831/831/831 832/832/832 865/865/865
f 831/831/831 865/865/865 864/864/864
f 832/832/832 833/833/833 866/866/866
f 832/832/832 866/866/866 865/865/865
f 833/833/833 834/834/834 867/867/867
f 833/833/833 867/867/867 866/866/866
f 834/834/834 835/835/835 868/868/868
f 834/834/834 868/868/868 867/867/867
f 835/835/835 836/836/836 869/869/869
f 835/835/835 869/869/869 868/868/868
f 836/836/836 837/837/837 870/870/870
f 836/836/836 870/870/870 869/869/869
f 837/837/837 838/838/838 871/871/871
f 837/837/837 871/871/871 870/870/870
f 838/838/838 839/839/839 872/872/872
f 838/838/838 872/872/872 871/871/871
f 839/839/839 840/840/840 873/873/873
f 839/839/839 873/873/873 872/872/872
f 840/840/840 841/841/841 874/874/874
f 840/840/840 874/874/874 873/873/873
f 841/841/841 842/842/842 875/875/875
f 841/841/841 875/875/875 874/874/874
f 842/842/842 843/843/843 876/876/876
f 842/842/842 876/876/876 875/875/875
f 843/843/843 844/844/844 877/877/877
f 843/843/843 877/877/877 876/876/876
f 844/844/844 845/845/845 878/878/878
f 844/844/844 878/878/878 877/877/877
f 845/845/845 846/846/846 879/879/879
f 845/845/845 879/879/879 878/878/878
f 846/846/846 847/847/847 880/880/880
f 846/846/846 880/880/880 879/879/879
f 847/847/847 848/848/848 881/881/881
f 847/847/847 881/881/881 880/880/880
f 848/848/848 849/849/849 882/882/882
f 848/848/848 882/882/882 881/881/881
f 849/849/849 850/850/850 883/883/883
f 849/849/849 883/883/883 882/882/882
f 850/850/850 851/851/851 884/884/884
f 850/850/850 884/884/884 883/883/883
f 853/853/853 852/852/852 885/885/885
f 853/853/853 885/885/885 886/886/886
f 852/852/852 854/854/854 887/887/887
f 852/852/852 887/887/887 885/885/885
f 854/854/854 855/855/855 888/888/888
f 854/854/854 888/888/888 887/887/887
f 855/855/855 856/856/856 889/889/889
f 855/855/855 889/889/889 888/888/888
f 856/856/856 857/857/857 890/890/890
f 856/856/856 890/890/890 889/889/889
f 857/857/857 858/858/858 891/891/891
f 857/857/857 891/891/891 890/890/890
f 858/858/858 859/859/859 892/892/892
f 858/858/858 892/892/892 891/891/891
f 859/859/859 860/860/860 893/893/893
f 859/859/859 893/893/893 892/892/892
f 860/860/860 861/861/861 894/894/894
f 860/860/860 894/894/894 893/893/893
f 861/861/861 862/862/862 895/895/895
f 861/861/861 895/895/895 894/894/894
f 862/862/862 863/863/863 896/896/896
f 862/862/862 896/896/896 895/895/895
f 863/863/863 864/864/864 897/897/897
f 863/863/863 897/897/897 896/896/896
f 864/864/864 865/865/865 898/898/898
f 864/864/864 898/898/898 897/897/897
f 865/865/865 866/866/866 899/899/899
f 865/865/865 899/899/899 898/898/898
f 866/866/866 867/867/867 900/900/900
f 866/866/866 900/900/900 899/899/899
f 867/867/867 868/868/868 901/901/901
f 867/867/867 901/901/901 900/900/900
f 868/868/868 869/869/869 902/902/902
f 868/868/868 902/902/902 901/901/901
f 869/869/869 870/870/870 903/903/903
f 869/869/869 903/903/903 902/902/902
f 870/870/870 871/871/871 904/904/904
f 870/870/870 904/904/904 903/903/903
f 871/871/871 872/872/872 905/905/905
f 871/871/871 905/905/905 904/904/904
f 872/872/872 873/873/873 906/906/906
f 872/872/872 906/906/906 905/905/905
f 873/873/873 874/874/874 907/907/907
f 873/873/873 907/907/907 906/906/906
f 874/874/874 875/875/875 908/908/908
f 874/874/874 908/908/908 907/907/907
f 875/875/875 876/876/876 909/909/909
f 875/875/875 909/909/909 908/908/908
f 876/876/876 877/877/877 910/910/910
f 876/876/876 910/910/910 909/909/909
f 877/877/877 878/878/878 911/911/911
f 877/877/877 911/911/911 910/910/910
f 878/878/878 879/879/879 912/912/912
f 878/878/878 912/912/912 911/911/911
f 879/879/879 880/880/880 913/913/913
f 879/879/879 913/913/913 912/912/912
f 880/880/880 881/881/881 914/914/914
f 880/880/880 914/914/914 913/913/913
f 881/881/881 882/882/882 915/915/915
f 881/881/881 915/915/915 914/914/914
f 882/882/882 883/883/883 916/916/916
f 882/882/882 916/916/916 915/915/915
f 883/883/883 884/884/884 917/917/917
f 883/883/883 917/917/917 916/916/916
f 886/886/886 885/885/885 918/918/918
f 886/886/886 918/918/918 919/919/919
f 885/885/885 887/887/887 920/920/920
f 885/885/885 920/920/920 918/918/918
f 887/887/887 888/888/888 921/921/921
f 887/887/887 921/921/921 920/920/920
f 888/888/888 889/889/889 922/922/922
f 888/888/888 922/922/922 921/921/921
f 889/889/889 890/890/890 923/923/923
f 889/889/889 923/923/923 922/922/922
f 890/890/890 891/891/891 924/924/924
f 890/890/890 924/924/924 923/923/923
f 891/891/891 892/892/892 925/925/925
f 891/891/891 925/925/925 924/924/924
f 892/892/892 893/893/893 926/926/926
f 892/892/892 926/926/926 925/925/925
f 893/893/893 894/894/894 927/927/927
f 893/893/893 927/927/927 926/926/926
f 894/894/894 895/895/895 928/928/928
f 894/894/894 928/928/928 927/927/927
f 895/895/895 896/896/896 929/929/929
f 895/895/895 929/929/929 928/928/928
f 896/896/896 897/897/897 930/930/930
f 896/896/896 930/930/930 929/929/929
f 897/897/897 898/898/898 931/931/931
f 897/897/897 931/931/931 930/930/930
f 898/898/898 899/899/899 932/932/932
f 898/898/898 932/932/932 931/931/931
f 899/899/899 900/900/900 933/933/933
f 899/899/899 933/933/933 932/932/932
f 900/900/900 901/901/901 934/934/934
f 900/900/900 934/934/934 933/933/933
f 901/901/901 902/902/902 935/935/935
f 901/901/901 935/935/935 934/934/934
f 902/902/902 903/903/903 936/936/936
f 902/902/902 936/936/936 935/935/935
f 903/903/903 904/904/904 937/937/937
f 903/903/903 937/937/937 936/936/936
f 904/904/904 905/905/905 938/938/938
f 904/904/904 938/938/938 937/937/937
f 905/905/905 906/906/906 939/939/939
f 905/905/905 939/939/939 938/938/938
f 906/906/906 907/907/907 940/940/940
f 906/906/906 940/940/940 939/939/939
f 907/907/907 908/908/908 941/941/941
f 907/907/907 941/941/941 940/940/940
f 908/908/908 909/909/909 942/942/942
f 908/908/908 942/942/942 941/941/941
f 909/909/909 910/910/910 943/943/943
f 909/909/909 943/943/943 942/942/942
f 910/910/910 911/911/911 944/944/944
f 910/910/910 944/944/944 943/943/943
f 911/911/911 912/912/912 945/945/945
f 911/911/911 945/945/945 944/944/944
f 912/912/912 913/913/913 946/946/946
f 912/912/912 946/946/946 945/945/945
f 913/913/913 914/914/914 947/947/947
f 913/913/913 947/947/947 946/946/946
f 914/914/914 915/915/915 948/948/948
f 914/914/914 948/948/948 947/947/947
f 915/915/915 916/916/916 949/949/949
f 915/915/915 949/949/949 948/948/948
f 916/916/916 917/917/917 950/950/950
f 916/916/916 950/950/950 949/949/949
f 919/919/919 918/918/918 951/951/951
f 919/919/919 951/951/951 952/952/952
f 918/918/918 920/920/920 953/953/953
f 918/918/918 953/953/953 951/951/951
f 920/920/920 921/921/921 954/954/954
f 920/920/920 954/954/954 953/953/953
f 921/921/921 922/922/922 955/955/955
f 921/921/921 955/955/955 954/954/954
f 922/922/922 923/923/923 956/956/956
f 922/922/922 956/956/956 955/955/955
f 923/923/923 924/924/924 957/957/957
f 923/923/923 957/957/957 956/956/956
f 924/924/924 925/925/925 958/958/958
f 924/924/924 958/958/958 957/957/957
f 925/925/925 926/926/926 959/959/959
f 925/925/925 959/959/959 958/958/958
f 926/926/926 927/927/927 960/960/960
f 926/926/926 960/960/960 959/959/959
f 927/927/927 928/928/928 961/961/961
f 927/927/927 961/961/961 960/960/960
f 928/928/928 929/929/929 962/962/962
f 928/928/928 962/962/962 961/961/961
f 929/929/929 930/930/930 963/963/963
f 929/929/929 963/963/963 962/962/962
f 930/930/930 931/931/931 964/964/964
f 930/930/930 964/964/964 963/963/963
f 931/931/931 932/932/932 965/965/965
f 931/931/931 965/965/965 964/964/964
f 932/932/932 933/933/933 966/966/966
f 932/932/932 966/966/966 965/965/965
f 933/933/933 934/934/934 967/967/967
f 933/933/933 967/967/967 966/966/966
f 934/934/934 935/935/935 968/968/968
f 934/934/934 968/968/968 967/967/967
f 935/935/935 936/936/936 969/969/969
f 935/935/935 969/969/969 968/968/968
f 936/936/936 937/937/937 970/970/970
f 936/936/936 970/970/970 969/969/969
f 937/937/937 938/938/938 971/971/971
f 937/937/937 971/971/971 970/970/970
f 938/938/938 939/939/939 972/972/972
f 938/938/938 972/972/972 971/971/971
f 939/939/939 940/940/940 973/973/973
f 939/939/939 973/973/973 972/972/972
f 940/940/940 941/941/941 974/974/974
f 940/940/940 974/974/974 973/973/973
f 941/941/941 942/942/942 975/975/975
f 941/941/941 975/975/975 974/974/974
f 942/942/942 943/943/943 976/976/976
f 942/942/942 976/976/976 975/975/975
f 943/943/943 944/944/944 977/977/977
f 943/943/943 977/977/977 976/976/976
f 944/944/944 945/945/945 978/978/978
f 944/944/944 978/978/978 977/977/977
f 945/945/945 946/946/946 979/979/979
f 945/945/945 979/979/979 978/978/978
f 946/946/946 947/947/947 980/980/980
f 946/946/946 980/980/980 979/979/979
f 947/947/947 948/948/948 981/981/981
f 947/947/947 981/981/981 980/980/980
f 948/948/948 949/949/949 982/982/982
f 948/948/948 982/982/982 981/981/981
f 949/949/949 950/950/950 983/983/983
f 949/949/949 983/983/983 982/982/982
f 952/952/952 951/951/951 984/984/984
f 952/952/952 984/984/984 985/985/985
f 951/951/951 953/953/953 986/986/986
f 951/951/951 986/986/986 984/984/984
f 953/953/953 954/954/954 987/987/987
f 953/953/953 987/987/987 986/986/986
f 954/954/954 955/955/955 988/988/988
f 954/954/954 988/988/988 987/987/987
f 955/955/955 956/956/956 989/989/989
f 955/955/955 989/989/989 988/988/988
f 956/956/956 957/957/957 990/990/990
f 956/956/956 990/990/990 989/989/989
f 957/957/957 958/958/958 991/991/991
f 957/957/957 991/991/991 990/990/990
f 958/958/958 959/959/959 992/992/992
f 958/958/958 992/992/992 991/991/991
f 959/959/959 960/960/960 993/993/993
f 959/959/959 993/993/993 992/992/992
f 960/960/960 961/961/961 994/994/994
f 960/960/960 994/994/994 993/993/993
f 961/961/961 962/962/962 995/995/995
f 961/961/961 995/995/995 994/994/994
f 962/962/962 963/963/963 996/996/996
f 962/962/962 996/996/996 995/995/995
f 963/963/963 964/964/964 997/997/997
f 963/963/963 997/997/997 996/996/996
f 964/964/964 965/965/965 998/998/998
f 964/964/964 998/998/998 997/997/997
f 965/965/965 966/966/966 999/999/999
f 965/965/965 999/999/999 998/998/998
f 966/966/966 967/967/967 1000/1000/1000
f 966/966/966 1000/1000/1000 999/999/999
f 967/967/967 968/968/968 1001/1001/1001
f 967/967/967 1001/1001/1001 1000/1000/1000
f 968/968/968 969/969/969 1002/1002/1002
f 968/968/968 1002/1002/1002 1001/1001/1001
f 969/969/969 970/970/970 1003/1003/1003
f 969/969/969 1003/1003/1003 1002/1002/1002
f 970/970/970 971/971/971 1004/1004/1004
f 970/970/970 1004/1004/1004 1003/1003/1003
f 971/971/971 972/972/972 1005/1005/1005
f 971/971/971 1005/1005/1005 1004/1004/1004
f 972/972/972 973/973/973 1006/1006/1006
f 972/972/972 1006/1006/1006 1005/1005/1005
f 973/973/973 974/974/974 1007/1007/1007
f 973/973/973 1007/1007/1007 1006/1006/1006
f 974/974/974 975/975/975 1008/1008/1008
f 974/974/974 1008/1008/1008 1007/1007/1007
f 975/975/975 976/976/976 1009/1009/1009
f 975/975/975 1009/1009/1009 1008/1008/1008
f 976/976/976 977/977/977 1010/1010/1010
f 976/976/976 1010/1010/1010 1009/1009/1009
f 977/977/977 978/978/978 1011/1011/1011
f 977/977/977 1011/1011/1011 1010/1010/1010
f 978/978/978 979/979/979 1012/1012/1012
f 978/978/978 1012/1012/1012 1011/1011/1011
f 979/979/979 980/980/980 1013/1013/1013
f 979/979/979 1013/1013/1013 1012/1012/1012
f 980/980/980 981/981/981 1014/1014/1014
f 980/980/980 1014/1014/1014 1013/1013/1013
f 981/981/981 982/982/982 1015/1015/1015
f 981/981/981 1015/1015/1015 1014/1014/1014
f 982/982/982 983/983/983 1016/1016/1016
f 982/982/982 1016/1016/1016 1015/1015/1015
f 985/985/985 984/984/984 1017/1017/1017
f 985/985/985 1017/1017/1017 1018/1018/1018
f 984/984/984 986/986/986 1019/1019/1019
f 984/984/984 1019/1019/1019 1017/1017/1017
f 986/986/986 987/987/987 1020/1020/1020
f 986/986/986 1020/1020/1020 1019/1019/1019
f 987/987/987 988/988/988 1021/1021/1021
f 987/987/987 1021/1021/1021 1020/1020/1020
f 988/988/988 989/989/989 1022/1022/1022
f 988/988/988 1022/1022/1022 1021/1021/1021
f 989/989/989 990/990/990 1023/1023/1023
f 989/989/989 1023/1023/1023 1022/1022/1022
f 990/990/990 991/991/991 1024/1024/1024
f 990/990/990 1024/1024/1024 1023/1023/1023
f 991/991/991 992/992/992 1025/1025/1025
f 991/991/991 1025/1025/1025 1024/1024/1024
f 992/992/992 993/993/993 1026/1026/1026
f 992/992/992 1026/1026/1026 1025/1025/1025
f 993/993/993 994/994/994 1027/1027/1027
f 993/993/993 1027/1027/1027 1026/1026/1026
f 994/994/994 995/995/995 1028/1028/1028
f 994/994/994 1028/1028/1028 1027/1027/1027
f 995/995/995 996/996/996 1029/1029/1029
f 995/995/995 1029/1029/1029 1028/1028/1028
f 996/996/996 997/997/997 1030/1030/1030
f 996/996/996 1030/1030/1030 1029/1029/1029
f 997/997/997 998/998/998 1031/1031/1031
f 997/997/997 1031/1031/1031 1030/1030/1030
f 998/998/998 999/999/999 1032/1032/1032
f 998/998/998 1032/1032/1032 1031/1031/1031
f 999/999/999 1000/1000/1000 1033/1033/1033
f 999/999/999 1033/1033/1033 1032/1032/1032
f 1000/1000/1000 1001/1001/1001 1034/1034/1034
f 1000/1000/1000 1034/1034/1034 1033/1033/1033
f 1001/1001/1001 1002/1002/1002 1035/1035/1035
f 1001/1001/1001 1035/1035/1035 1034/1034/1034
f 1002/1002/1002 1003/1003/1003 1036/1036/1036
f 1002/1002/1002 1036/1036/1036 1035/1035/1035
f 1003/1003/1003 1004/1004/1004 1037/1037/1037
f 1003/1003/1003 1037/1037/1037 1036/1036/1036
f 1004/1004/1004 1005/1005/1005 1038/1038/1038
f 1004/1004/1004 1038/1038/1038 1037/1037/1037
f 1005/1005/1005 1006/1006/1006 1039/1039/1039
f 1005/1005/1005 1039/1039/1039 1038/1038/1038
f 1006/1006/1006 1007/1007/1007 1040/1040/1040
f 1006/1006/1006 1040/1040/1040 1039/1039/1039
f 1007/1007/1007 1008/1008/1008 1041/1041/1041
f 1007/1007/1007 1041/1041/1041 1040/1040/1040
f 1008/1008/1008 1009/1009/1009 1042/1042/1042
f 1008/1008/1008 1042/1042/1042 1041/1041/1041
f 1009/1009/1009 1010/1010/1010 1043/1043/1043
f 1009/1009/1009 1043/1043/1043 1042/1042/1042
f 1010/1010/1010 1011/1011/1011 1044/1044/1044
f 1010/1010/1010 1044/1044/1044 1043/1043/1043
f 1011/1011/1011 1012/1012/1012 1045/1045/1045
f 1011/1011/1011 1045/1045/1045 1044/1044/1044
f 1012/1012/1012 1013/1013/1013 1046/1046/1046
f 1012/1012/1012 1046/1046/1046 1045/1045/1045
f 1013/1013/1013 1014/1014/1014 1047/1047/1047
f 1013/1013/1013 1047/1047/1047 1046/1046/1046
f 1014/1014/1014 1015/1015/1015 1048/1048/1048
f 1014/1014/1014 1048/1048/1048 1047/1047/1047
f 1015/1015/1015 1016/1016/1016 1049/1049/1049
f 1015/1015/1015 1049/1049/1049 1048/1048/1048
f 1018/1018/1018 1017/1017/1017 1050/1050/1050
f 1018/1018/1018 1050/1050/1050 1051/1051/1051
f 1017/1017/1017 1019/1019/1019 1052/1052/1052
f 1017/1017/1017 1052/1052/1052 1050/1050/1050
f 1019/1019/1019 1020/1020/1020 1053/1053/1053
f 1019/1019/1019 1053/1053/1053 1052/1052/1052
f 1020/1020/1020 1021/1021/1021 1054/1054/1054
f 1020/1020/1020 1054/1054/1054 1053/1053/1053
f 1021/1021/1021 1022/1022/1022 1055/1055/1055
f 1021/1021/1021 1055/1055/1055 1054/1054/1054
f 1022/1022/1022 1023/1023/1023 1056/1056/1056
f 1022/1022/1022 1056/1056/1056 1055/1055/1055
f 1023/1023/1023 1024/1024/1024 1057/1057/1057
f 1023/1023/1023 1057/1057/1057 1056/1056/1056
f 1024/1024/1024 1025/1025/1025 1058/1058/1058
f 1024/1024/1024 1058/1058/1058 1057/1057/1057
f 1025/1025/1025 1026/1026/1026 1059/1059/1059
f 1025/1025/1025 1059/1059/1059 1058/1058/1058
f 1026/1026/1026 1027/1027/1027 1060/1060/1060
f 1026/1026/1026 1060/1060/1060 1059/1059/1059
f 1027/1027/1027 1028/1028/1028 1061/1061/1061
f 1027/1027/1027 1061/1061/1061 1060/1060/1060
f 1028/1028/1028 1029/1029/1029 1062/1062/1062
f 1028/1028/1028 1062/1062/1062 1061/1061/1061
f 1029/1029/1029 1030/1030/1030 1063/1063/1063
f 1029/1029/1029 1063/1063/1063 1062/1062/1062
f 1030/1030/1030 1031/1031/1031 1064/1064/1064
f 1030/1030/1030 1064/1064/1064 1063/1063/1063
f 1031/1031/1031 1032/1032/1032 1065/1065/1065
f 1031/1031/1031 1065/1065/1065 1064/1064/1064
f 1032/1032/1032 1033/1033/1033 1066/1066/1066
f 1032/1032/1032 1066/1066/1066 1065/1065/1065
f 1033/1033/1033 1034/1034/1034 1067/1067/1067
f 1033/1033/1033 1067/1067/1067 1066/1066/1066
f 1034/1034/1034 1035/1035/1035 1068/1068/1068
f 1034/1034/1034 1068/1068/1068 1067/1067/1067
f 1035/1035/1035 1036/1036/1036 1069/1069/1069
f 1035/1035/1035 1069/1069/1069 1068/1068/1068
f 1036/1036/1036 1037/1037/1037 1070/1070/1070
f 1036/1036/1036 1070/1070/1070 1069/1069/1069
f 1037/1037/1037 1038/1038/1038 1071/1071/1071
f 1037/1037/1037 1071/1071/1071 1070/1070/1070
f 1038/1038/1038 1039/1039/1039 1072/1072/1072
f 1038/1038/1038 1072/1072/1072 1071/1071/1071
f 1039/1039/1039 1040/1040/1040 1073/1073/1073
f 1039/1039/1039 1073/1073/1073 1072/1072/1072
f 1040/1040/1040 1041/1041/1041 1074/1074/1074
f 1040/1040/1040 1074/1074/1074 1073/1073/1073
f 1041/1041/1041 1042/1042/1042 1075/1075/1075
f 1041/1041/1041 1075/1075/1075 1074/1074/1074
f 1042/1042/1042 1043/1043/1043 1076/1076/1076
f 1042/1042/1042 1076/1076/1076 1075/1075/1075
f 1043/1043/1043 1044/1044/1044 1077/1077/1077
f 1043/1043/1043 1077/1077/1077 1076/1076/1076
f 1044/1044/1044 1045/1045/1045 1078/1078/1078
f 1044/1044/1044 1078/1078/1078 1077/1077/1077
f 1045/1045/1045 1046/1046/1046 1079/1079/1079
f 1045/1045/1045 1079/1079/1079 1078/1078/1078
f 1046/1046/1046 1047/1047/1047 1080/1080/1080
f 1046/1046/1046 1080/1080/1080 1079/1079/1079
f 1047/1047/1047 1048/1048/1048 1081/1081/1081
f 1047/1047/1047 1081/1081/1081 1080/1080/1080
f 1048/1048/1048 1049/1049/1049 1082/1082/1082
f 1048/1048/1048 1082/1082/1082 1081/1081/1081
f 1051/1051/1051 1050/1050/1050 1083/1083/1083
f 1051/1051/1051 1083/1083/1083 1084/1084/1084
f 1050/1050/1050 1052/1052/1052 1085/1085/1085
f 1050/1050/1050 1085/1085/1085 1083/1083/1083
f 1052/1052/1052 1053/1053/1053 1086/1086/1086
f 1052/1052/1052 1086/1086/1086 1085/1085/1085
f 1053/1053/1053 1054/1054/1054 1087/1087/1087
f 1053/1053/1053 1087/1087/1087 1086/1086/1086
f 1054/1054/1054 1055/1055/1055 1088/1088/1088
f 1054/1054/1054 1088/1088/1088 1087/1087/1087
f 1055/1055/1055 1056/1056/1056 1089/1089/1089
f 1055/1055/1055 1089/1089/1089 1088/1088/1088
f 1056/1056/1056 1057/1057/1057 1090/1090/1090
f 1056/1056/1056 1090/1090/1090 1089/1089/1089
f 1057/1057/1057 1058/1058/1058 1091/1091/1091
f 1057/1057/1057 1091/1091/1091 1090/1090/1090
f 1058/1058/1058 1059/1059/1059 1092/1092/1092
f 1058/1058/1058 1092/1092/1092 1091/1091/1091
f 1059/1059/1059 1060/1060/1060 1093/1093/1093
f 1059/1059/1059 1093/1093/1093 1092/1092/1092
f 1060/1060/1060 1061/1061/1061 1094/1094/1094
f 1060/1060/1060 1094/1094/1094 1093/1093/1093
f 1061/1061/1061 1062/1062/1062 1095/1095/1095
f 1061/1061/1061 1095/1095/1095 1094/1094/1094
f 1062/1062/1062 1063/1063/1063 1096/1096/1096
f 1062/1062/1062 1096/1096/1096 1095/1095/1095
f 1063/1063/1063 1064/1064/1064 1097/1097/1097
f 1063/1063/1063 1097/1097/1097 1096/1096/1096
f 1064/1064/1064 1065/1065/1065 1098/1098/1098
f 1064/1064/1064 1098/1098/1098 1097/1097/1097
f 1065/1065/1065 1066/1066/1066 1099/1099/1099
f 1065/1065/1065 1099/1099/1099 1098/1098/1098
f 1066/1066/1066 1067/1067/1067 1100/1100/1100
f 1066/1066/1066 1100/1100/1100 1099/1099/1099
f 1067/1067/1067 1068/1068/1068 1101/1101/1101
f 1067/1067/1067 1101/1101/1101 1100/1100/1100
f 1068/1068/1068 1069/1069/1069 1102/1102/1102
f 1068/1068/1068 1102/1102/1102 1101/1101/1101
f 1069/1069/1069 1070/1070/1070 1103/1103/1103
f 1069/1069/1069 1103/1103/1103 1102/1102/1102
f 1070/1070/1070 1071/1071/1071 1104/1104/1104
f 1070/1070/1070 1104/1104/1104 1103/1103/1103
f 1071/1071/1071 1072/1072/1072 1105/1105/1105
f 1071/1071/1071 1105/1105/1105 1104/1104/1104
f 1072/1072/1072 1073/1073/1073 1106/1106/1106
f 1072/1072/1072 1106/1106/1106 1105/1105/1105
f 1073/1073/1073 1074/1074/1074 1107/1107/1107
f 1073/1073/1073 1107/1107/1107 1106/1106/1106
f 1074/1074/1074 1075/1075/1075 1108/1108/1108
f 1074/1074/1074 1108/1108/1108 1107/1107/1107
f 1075/1075/1075 1076/1076/1076 1109/1109/1109
f 1075/1075/1075 1109/1109/1109 1108/1108/1108
f 1076/1076/1076 1077/1077/1077 1110/1110/1110
f 1076/1076/1076 1110/1110/1110 1109/1109/1109
f 1077/1077/1077 1078/1078/1078 1111/1111/1111
f 1077/1077/1077 1111/1111/1111 1110/1110/1110
f 1078/1078/1078 1079/1079/1079 1112/1112/1112
f 1078/1078/1078 1112/1112/1112 1111/1111/1111
f 1079/1079/1079 1080/1080/1080 1113/1113/1113
f 1079/1079/1079 1113/1113/1113 1112/1112/1112
f 1080/1080/1080 1081/1081/1081 1114/1114/1114
f 1080/1080/1080 1114/1114/1114 1113/1113/1113
f 1081/1081/1081 1082/1082/1082 1115/1115/1115
f 1081/1081/1081 1115/1115/1115 1114/1114/1114
f 1084/1084/1084 1083/1083/1083 1116/1116/1116
f 1084/1084/1084 1116/1116/1116 1117/1117/1117
f 1083/1083/1083 1085/1085/1085 1118/1118/1118
f 1083/1083/1083 1118/1118/1118 1116/1116/1116
f 1085/1085/1085 1086/1086/1086 1119/1119/1119
f 1085/1085/1085 1119/1119/1119 1118/1118/1118
f 1086/1086/1086 1087/1087/1087 1120/1120/1120
f 1086/1086/1086 1120/1120/1120 1119/1119/1119
f 1087/1087/1087 1088/1088/1088 1121/1121/1121
f 1087/1087/1087 1121/1121/1121 1120/1120/1120
f 1088/1088/1088 1089/1089/1089 1122/1122/1122
f 1088/1088/1088 1122/1122/1122 1121/1121/1121
f 1089/1089/1089 1090/1090/1090 1123/1123/1123
f 1089/1089/1089 1123/1123/1123 1122/1122/1122
f 1090/1090/1090 1091/1091/1091 1124/1124/1124
f 1090/1090/1090 1124/1124/1124 1123/1123/1123
f 1091/1091/1091 1092/1092/1092 1125/1125/1125
f 1091/1091/1091 1125/1125/1125 1124/1124/1124
f 1092/1092/1092 1093/1093/1093 1126/1126/1126
f 1092/1092/1092 1126/1126/1126 1125/1125/1125
f 1093/1093/1093 1094/1094/1094 1127/1127/1127
f 1093/1093/1093 1127/1127/1127 1126/1126/1126
f 1094/1094/1094 1095/1095/1095 1128/1128/1128
f 1094/1094/1094 1128/1128/1128 1127/1127/1127
f 1095/1095/1095 1096/1096/1096 1129/1129/1129
f 1095/1095/1095 1129/1129/1129 1128/1128/1128
f 1096/1096/1096 1097/1097/1097 1130/1130/1130
f 1096/1096/1096 1130/1130/1130 1129/1129/1129
f 1097/1097/1097 1098/1098/1098 1131/1131/1131
f 1097/1097/1097 1131/1131/1131 1130/1130/1130
f 1098/1098/1098 1099/1099/1099 1132/1132/1132
f 1098/1098/1098 1132/1132/1132 1131/1131/1131
f 1099/1099/1099 1100/1100/1100 1133/1133/1133
f 1099/1099/1099 1133/1133/1133 1132/1132/1132
f 1100/1100/1100 1101/1101/1101 1134/1134/1134
f 1100/1100/1100 1134/1134/1134 1133/1133/1133
f 1101/1101/1101 1102/1102/1102 1135/1135/1135
f 1101/1101/1101 1135/1135/1135 1134/1134/1134
f 1102/1102/1102 1103/1103/1103 1136/1136/1136
f 1102/1102/1102 1136/1136/1136 1135/1135/1135
f 1103/1103/1103 1104/1104/1104 1137/1137/1137
f 1103/1103/1103 1137/1137/1137 1136/1136/1136
f 1104/1104/1104 1105/1105/1105 1138/1138/1138
f 1104/1104/1104 1138/1138/1138 1137/1137/1137
f 1105/1105/1105 1106/1106/1106 1139/1139/1139
f 1105/1105/1105 1139/1139/1139 1138/1138/1138
f 1106/1106/1106 1107/1107/1107 1140/1140/1140
f 1106/1106/1106 1140/1140/1140 1139/1139/1139
f 1107/1107/1107 1108/1108/1108 1141/1141/1141
f 1107/1107/1107 1141/1141/1141 1140/1140/1140
f 1108/1108/1108 1109/1109/1109 1142/1142/1142
f 1108/1108/1108 1142/1142/1142 1141/1141/1141
f 1109/1109/1109 1110/1110/1110 1143/1143/1143
f 1109/1109/1109 1143/1143/1143 1142/1142/1142
f 1110/1110/1110 1111/1111/1111 1144/1144/1144
f 1110/1110/1110 1144/1144/1144 1143/1143/1143
f 1111/1111/1111 1112/1112/1112 1145/1145/1145
f 1111/1111/1111 1145/1145/1145 1144/1144/1144
f 1112/1112/1112 1113/1113/1113 1146/1146/1146
f 1112/1112/1112 1146/1146/1146 1145/1145/1145
f 1113/1113/1113 1114/1114/1114 1147/1147/1147
f 1113/1113/1113 1147/1147/1147 1146/1146/1146
f 1114/1114/1114 1115/1115/1115 1148/1148/1148
f 1114/1114/1114 1148/1148/1148 1147/1147/1147
f 1117/1117/1117 1116/1116/1116 128/128/128
f 1117/1117/1117 128/128/128 127/127/127
f 1116/1116/1116 1118/1118/1118 130/130/130
f 1116/1116/1116 130/130/130 128/128/128
f 1118/1118/1118 1119/1119/1119 132/132/132
f 1118/1118/1118 132/132/132 130/130/130
f 1119/1119/1119 1120/1120/1120 134/134/134
f 1119/1119/1119 134/134/134 132/132/132
f 1120/1120/1120 1121/1121/1121 136/136/136
f 1120/1120/1120 136/136/136 134/134/134
f 1121/1121/1121 1122/1122/1122 138/138/138
f 1121/1121/1121 138/138/138 136/136/136
f 1122/1122/1122 1123/1123/1123 140/140/140
f 1122/1122/1122 140/140/140 138/138/138
f 1123/1123/1123 1124/1124/1124 142/142/142
f 1123/1123/1123 142/142/142 140/140/140
f 1124/1124/1124 1125/1125/1125 144/144/144
f 1124/1124/1124 144/144/144 142/142/142
f 1125/1125/1125 1126/1126/1126 146/146/146
f 1125/1125/1125 146/146/146 144/144/144
f 1126/1126/1126 1127/1127/1127 148/148/148
f 1126/1126/1126 148/148/148 146/146/146
f 1127/1127/1127 1128/1128/1128 150/150/150
f 1127/1127/1127 150/150/150 148/148/148
f 1128/1128/1128 1129/1129/1129 152/152/152
f 1128/1128/1128 152/152/152 150/150/150
f 1129/1129/1129 1130/1130/1130 154/154/154
f 1129/1129/1129 154/154/154 152/152/152
f 1130/1130/1130 1131/1131/1131 156/156/156
f 1130/1130/1130 156/156/156 154/154/154
f 1131/1131/1131 1132/1132/1132 158/158/158
f 1131/1131/1131 158/158/158 156/156/156
f 1132/1132/1132 1133/1133/1133 160/160/160
f 1132/1132/1132 160/160/160 158/158/158
f 1133/1133/1133 1134/1134/1134 162/162/162
f 1133/1133/1133 162/162/162 160/160/160
f 1134/1134/1134 1135/1135/1135 164/164/164
f 1134/1134/1134 164/164/164 162/162/162
f 1135/1135/1135 1136/1136/1136 166/166/166
f 1135/1135/1135 166/166/166 164/164/164
f 1136/1136/1136 1137/1137/1137 168/168/168
f 1136/1136/1136 168/168/168 166/166/166
f 1137/1137/1137 1138/1138/1138 170/170/170
f 1137/1137/1137 170/170/170 168/168/168
f 1138/1138/1138 1139/1139/1139 172/172/172
f 1138/1138/1138 172/172/172 170/170/170
f 1139/1139/1139 1140/1140/1140 174/174/174
f 1139/1139/1139 174/174/174 172/172/172
f 1140/1140/1140 1141/1141/1141 176/176/176
f 1140/1140/1140 176/176/176 174/174/174
f 1141/1141/1141 1142/1142/1142 178/178/178
f 1141/1141/1141 178/178/178 176/176/176
f 1142/1142/1142 1143/1143/1143 180/180/180
f 1142/1142/1142 180/180/180 178/178/178
f 1143/1143/1143 1144/1144/1144 182/182/182
f 1143/1143/1143 182/182/182 180/180/180
f 1144/1144/1144 1145/1145/1145 184/184/184
f 1144/1144/1144 184/184/184 182/182/182
f 1145/1145/1145 1146/1146/1146 186/186/186
f 1145/1145/1145 186/186/186 184/184/184
f 1146/1146/1146 1147/1147/1147 188/188/188
f 1146/1146/1146 188/188/188 186/186/186
f 1147/1147/1147 1148/1148/1148 190/190/190
f 1147/1147/1147 190/190/190 188/188/188
